entry_id,preflight_class,blocker_id,artifact_group,bundle_action,bundle_source_path,source_sha256,planned_supplement_path,candidate_bundle_path,review_artifact_path,source_exists,review_artifact_exists,future_copy_plan_entry,human_review_hold,excluded_from_bundle,publication_blocker,required_pre_copy_evidence,claim_scope_guard
PSP-033,human_review_hold,PSB-009,trace_bound_corpus_summary,use_redacted_derivative_after_human_review,results/verification_substrate_gap/public_supplement_review_derivatives_20260601/evidence/trace_bound_controllability_redacted/combined_blocks.csv,e9aaea586d2e019f0a0a85c2f73f43868f577416e4c927d8c9aa804f70e364be,evidence/trace_bound_controllability_redacted/combined_blocks.csv,results/verification_substrate_gap/public_supplement_candidate_20260601/evidence/trace_bound_controllability_redacted/combined_blocks.csv,results/verification_substrate_gap/corpora/trace_bound_controllability/combined_blocks.csv,True,True,False,True,False,True,human reviewer confirms redacted derivative removes private fields and preserves trace-bound-only claim scope,provider-side trace-bound diagnostic summary only; not public text-only verification
PSP-034,human_review_hold,PSB-010,trace_bound_corpus_summary,use_redacted_derivative_after_human_review,results/verification_substrate_gap/public_supplement_review_derivatives_20260601/evidence/trace_bound_controllability_redacted/qwen_blocks.csv,51c5f39d1aa8910a7f109e8a4443d65e3a16b08d113c7c27ba04a8ae93cd3105,evidence/trace_bound_controllability_redacted/qwen_blocks.csv,results/verification_substrate_gap/public_supplement_candidate_20260601/evidence/trace_bound_controllability_redacted/qwen_blocks.csv,results/verification_substrate_gap/corpora/trace_bound_controllability/qwen_blocks.csv,True,True,False,True,False,True,human reviewer confirms redacted derivative removes private fields and preserves trace-bound-only claim scope,provider-side trace-bound diagnostic summary only; not public text-only verification
PSP-035,human_review_hold,PSB-011,trace_bound_corpus_summary,use_redacted_derivative_after_human_review,results/verification_substrate_gap/public_supplement_review_derivatives_20260601/evidence/trace_bound_controllability_redacted/llama_blocks.csv,2a017df490422f42df115ae13312a27932d6bf04e303d1b9d36a2a3641f28d50,evidence/trace_bound_controllability_redacted/llama_blocks.csv,results/verification_substrate_gap/public_supplement_candidate_20260601/evidence/trace_bound_controllability_redacted/llama_blocks.csv,results/verification_substrate_gap/corpora/trace_bound_controllability/llama_blocks.csv,True,True,False,True,False,True,human reviewer confirms redacted derivative removes private fields and preserves trace-bound-only claim scope,provider-side trace-bound diagnostic summary only; not public text-only verification
PSP-036,human_review_hold,PSB-012,trace_bound_corpus_summary,include_source_with_scope_note_after_human_review,results/verification_substrate_gap/corpora/trace_bound_controllability/corpus_manifest.json,2c6da64f505f21d271210020c0abaa46d189d7c5cbcb5dd6923dbaec9ace6eae,evidence/trace_bound_controllability/corpus_manifest.json,results/verification_substrate_gap/public_supplement_candidate_20260601/evidence/trace_bound_controllability/corpus_manifest.json,results/verification_substrate_gap/public_supplement_review_derivatives_20260601/scope_notes.csv,True,True,False,True,False,True,human reviewer approves source with scope note and confirms source-mismatch/non-claim wording,public text-only verification success; ownership proof; public final-text codeword recovery
PSP-041,human_review_hold,PSB-017,public_predicate_attack_ladder,include_source_with_scope_note_after_human_review,results/verification_substrate_gap/public_verifier_surrogate_guided_rewrite_20260530/surrogate_guided_rewrite_curve.csv,fcf9babeeb9a109ef1c5895c6aa06757a919ad897a6ab1f9eb333000f4cede0e,evidence/public_predicate_attack_ladder_scope_limited/surrogate_guided_rewrite_curve.csv,results/verification_substrate_gap/public_supplement_candidate_20260601/evidence/public_predicate_attack_ladder_scope_limited/surrogate_guided_rewrite_curve.csv,results/verification_substrate_gap/public_supplement_review_derivatives_20260601/scope_notes.csv,True,True,False,True,False,True,human reviewer approves source with scope note and confirms source-mismatch/non-claim wording,public text-only verification success; ownership proof; protected success; codeword recovery; naturalness-preserving rewrite
PSP-042,human_review_hold,PSB-018,public_predicate_attack_ladder,include_source_with_scope_note_after_human_review,results/verification_substrate_gap/public_verifier_surrogate_guided_rewrite_20260530/surrogate_guided_transform_summary.csv,afe93deb1cfdfb66c1326730f959e49446d4ccf4457640879de00b665bd83cc7,evidence/public_predicate_attack_ladder_scope_limited/surrogate_guided_transform_summary.csv,results/verification_substrate_gap/public_supplement_candidate_20260601/evidence/public_predicate_attack_ladder_scope_limited/surrogate_guided_transform_summary.csv,results/verification_substrate_gap/public_supplement_review_derivatives_20260601/scope_notes.csv,True,True,False,True,False,True,human reviewer approves source with scope note and confirms source-mismatch/non-claim wording,public text-only verification success; ownership proof; protected success; codeword recovery; naturalness-preserving rewrite
PSP-043,human_review_hold,PSB-019,public_predicate_attack_ladder,include_source_with_scope_note_after_human_review,results/verification_substrate_gap/public_verifier_surrogate_guided_rewrite_20260530/surrogate_guided_rewrite_examples.csv,e5e13d20aa816030e11324a57e9f78545dc083bdf752d60f88331e22c0d48ef0,evidence/public_predicate_attack_ladder_scope_limited/surrogate_guided_rewrite_examples.csv,results/verification_substrate_gap/public_supplement_candidate_20260601/evidence/public_predicate_attack_ladder_scope_limited/surrogate_guided_rewrite_examples.csv,results/verification_substrate_gap/public_supplement_review_derivatives_20260601/scope_notes.csv,True,True,False,True,False,True,human reviewer approves source with scope note and confirms source-mismatch/non-claim wording,public text-only verification success; ownership proof; protected success; codeword recovery; naturalness-preserving rewrite
PSP-044,human_review_hold,PSB-020,public_predicate_attack_ladder,include_source_with_scope_note_after_human_review,results/verification_substrate_gap/public_verifier_surrogate_guided_rewrite_20260530/surrogate_guided_rewrite_summary.json,a322d0493f8b6daedf5dcd57230cf0b6a92d2e610a1a2a4b726d177142d8966e,evidence/public_predicate_attack_ladder_scope_limited/surrogate_guided_rewrite_summary.json,results/verification_substrate_gap/public_supplement_candidate_20260601/evidence/public_predicate_attack_ladder_scope_limited/surrogate_guided_rewrite_summary.json,results/verification_substrate_gap/public_supplement_review_derivatives_20260601/scope_notes.csv,True,True,False,True,False,True,human reviewer approves source with scope note and confirms source-mismatch/non-claim wording,public text-only verification success; ownership proof; protected success; codeword recovery; naturalness-preserving rewrite
PSP-045,human_review_hold,PSB-021,public_predicate_attack_ladder,include_source_with_scope_note_after_human_review,results/verification_substrate_gap/public_verifier_surrogate_guided_rewrite_20260530/surrogate_guided_rewrite_report.md,936dccd48337f0badad5307ee25eeb4616606d1cfe7df06e8d041148e2703c4a,evidence/public_predicate_attack_ladder_scope_limited/surrogate_guided_rewrite_report.md,results/verification_substrate_gap/public_supplement_candidate_20260601/evidence/public_predicate_attack_ladder_scope_limited/surrogate_guided_rewrite_report.md,results/verification_substrate_gap/public_supplement_review_derivatives_20260601/scope_notes.csv,True,True,False,True,False,True,human reviewer approves source with scope note and confirms source-mismatch/non-claim wording,public text-only verification success; ownership proof; protected success; codeword recovery; naturalness-preserving rewrite
PSP-050,human_review_hold,PSB-022,stronger_public_predicate_local_pilot,include_source_with_scope_note_after_human_review,results/verification_substrate_gap/public_text_verifier_stronger_local_pilot_20260601/public_text_verifier_results.csv,447401ad936f1164daecbbdd2192f9c139088cc8d41649349f78e1dfa035d03b,evidence/local_pilots/stronger_public_predicate/public_text_verifier_results.csv,results/verification_substrate_gap/public_supplement_candidate_20260601/evidence/local_pilots/stronger_public_predicate/public_text_verifier_results.csv,results/verification_substrate_gap/public_supplement_review_derivatives_20260601/scope_notes.csv,True,True,False,True,False,True,human reviewer approves source with scope note and confirms source-mismatch/non-claim wording,public text-only verification success; ownership proof; adopted locked evidence; paper-facing final-text claim
PSP-051,human_review_hold,PSB-023,stronger_public_predicate_local_pilot,include_source_with_scope_note_after_human_review,results/verification_substrate_gap/public_text_verifier_stronger_local_pilot_20260601/public_text_verifier_block_scores.csv,7c475543f2b1a3a3c3646dd3e7ea9340367f0a419a69ce657b1116822cadc297,evidence/local_pilots/stronger_public_predicate/public_text_verifier_block_scores.csv,results/verification_substrate_gap/public_supplement_candidate_20260601/evidence/local_pilots/stronger_public_predicate/public_text_verifier_block_scores.csv,results/verification_substrate_gap/public_supplement_review_derivatives_20260601/scope_notes.csv,True,True,False,True,False,True,human reviewer approves source with scope note and confirms source-mismatch/non-claim wording,public text-only verification success; ownership proof; adopted locked evidence; paper-facing final-text claim
PSP-052,human_review_hold,PSB-024,stronger_public_predicate_local_pilot,include_source_with_scope_note_after_human_review,results/verification_substrate_gap/public_text_verifier_stronger_local_pilot_20260601/public_text_verifier_summary.json,1f0faea341defd8509e36d9597883ce5b6253f9ed439807a04e87823846cc1e0,evidence/local_pilots/stronger_public_predicate/public_text_verifier_summary.json,results/verification_substrate_gap/public_supplement_candidate_20260601/evidence/local_pilots/stronger_public_predicate/public_text_verifier_summary.json,results/verification_substrate_gap/public_supplement_review_derivatives_20260601/scope_notes.csv,True,True,False,True,False,True,human reviewer approves source with scope note and confirms source-mismatch/non-claim wording,public text-only verification success; ownership proof; adopted locked evidence; paper-facing final-text claim
PSP-053,human_review_hold,PSB-025,stronger_public_predicate_local_pilot,include_source_with_scope_note_after_human_review,results/verification_substrate_gap/public_text_verifier_stronger_local_pilot_20260601/public_text_verifier_report.md,6cafeb929bac19cb63939a6d6a999a16c3bf0a33afac2e5247aef63a4eb95a60,evidence/local_pilots/stronger_public_predicate/public_text_verifier_report.md,results/verification_substrate_gap/public_supplement_candidate_20260601/evidence/local_pilots/stronger_public_predicate/public_text_verifier_report.md,results/verification_substrate_gap/public_supplement_review_derivatives_20260601/scope_notes.csv,True,True,False,True,False,True,human reviewer approves source with scope note and confirms source-mismatch/non-claim wording,public text-only verification success; ownership proof; adopted locked evidence; paper-facing final-text claim
PSP-067,human_review_hold,PSB-033,reproducibility_config,include_source_after_security_review,configs/verification_substrate_gap/text_only_observability.yaml,6c4e0dc072c272617547f9078cb8f23fa5a2fe8d0e256bb6a4643dd5654c545c,configs/text_only_observability.yaml,results/verification_substrate_gap/public_supplement_candidate_20260601/configs/text_only_observability.yaml,results/verification_substrate_gap/public_supplement_review_derivatives_20260601/security_review_text_only_observability.json,True,True,False,True,False,True,human reviewer confirms security review has no secret values and field names are acceptable for release,preserves VSG substrate-gap claim boundary
