source_id,model_family,variant_id,arm,block_id,rows,mean_score,row_accept_rate,block_detected
qwen_dev_869348_local_text_probe,qwen,V0_always_reject_final_text_only,protected,shard_00,208,0.0,0.0,False
qwen_dev_869348_local_text_probe,qwen,V0_always_reject_final_text_only,protected,shard_01,128,0.0,0.0,False
qwen_dev_869348_local_text_probe,qwen,V0_always_reject_final_text_only,protected,shard_02,256,0.0,0.0,False
qwen_dev_869348_local_text_probe,qwen,V0_always_reject_final_text_only,protected,shard_03,240,0.0,0.0,False
qwen_dev_869348_local_text_probe,qwen,V0_always_reject_final_text_only,protected,shard_04,176,0.0,0.0,False
qwen_dev_869348_local_text_probe,qwen,V0_always_reject_final_text_only,protected,shard_05,160,0.0,0.0,False
qwen_dev_869348_local_text_probe,qwen,V0_always_reject_final_text_only,protected,shard_06,176,0.0,0.0,False
qwen_dev_869348_local_text_probe,qwen,V0_always_reject_final_text_only,protected,shard_07,176,0.0,0.0,False
qwen_dev_869348_local_text_probe,qwen,V0_always_reject_final_text_only,protected,shard_08,160,0.0,0.0,False
qwen_dev_869348_local_text_probe,qwen,V0_always_reject_final_text_only,protected,shard_09,272,0.0,0.0,False
qwen_dev_869348_local_text_probe,qwen,V0_always_reject_final_text_only,protected,shard_10,160,0.0,0.0,False
qwen_dev_869348_local_text_probe,qwen,V0_always_reject_final_text_only,protected,shard_11,112,0.0,0.0,False
qwen_dev_869348_local_text_probe,qwen,V0_always_reject_final_text_only,protected,shard_12,256,0.0,0.0,False
qwen_dev_869348_local_text_probe,qwen,V0_always_reject_final_text_only,protected,shard_13,272,0.0,0.0,False
qwen_dev_869348_local_text_probe,qwen,V0_always_reject_final_text_only,protected,shard_14,176,0.0,0.0,False
qwen_dev_869348_local_text_probe,qwen,V0_always_reject_final_text_only,protected,shard_15,72,0.0,0.0,False
qwen_dev_869348_local_text_probe,qwen,V0_always_reject_final_text_only,raw,shard_00,208,0.0,0.0,False
qwen_dev_869348_local_text_probe,qwen,V0_always_reject_final_text_only,raw,shard_01,128,0.0,0.0,False
qwen_dev_869348_local_text_probe,qwen,V0_always_reject_final_text_only,raw,shard_02,256,0.0,0.0,False
qwen_dev_869348_local_text_probe,qwen,V0_always_reject_final_text_only,raw,shard_03,240,0.0,0.0,False
qwen_dev_869348_local_text_probe,qwen,V0_always_reject_final_text_only,raw,shard_04,176,0.0,0.0,False
qwen_dev_869348_local_text_probe,qwen,V0_always_reject_final_text_only,raw,shard_05,160,0.0,0.0,False
qwen_dev_869348_local_text_probe,qwen,V0_always_reject_final_text_only,raw,shard_06,176,0.0,0.0,False
qwen_dev_869348_local_text_probe,qwen,V0_always_reject_final_text_only,raw,shard_07,176,0.0,0.0,False
qwen_dev_869348_local_text_probe,qwen,V0_always_reject_final_text_only,raw,shard_08,160,0.0,0.0,False
qwen_dev_869348_local_text_probe,qwen,V0_always_reject_final_text_only,raw,shard_09,272,0.0,0.0,False
qwen_dev_869348_local_text_probe,qwen,V0_always_reject_final_text_only,raw,shard_10,160,0.0,0.0,False
qwen_dev_869348_local_text_probe,qwen,V0_always_reject_final_text_only,raw,shard_11,112,0.0,0.0,False
qwen_dev_869348_local_text_probe,qwen,V0_always_reject_final_text_only,raw,shard_12,256,0.0,0.0,False
qwen_dev_869348_local_text_probe,qwen,V0_always_reject_final_text_only,raw,shard_13,272,0.0,0.0,False
qwen_dev_869348_local_text_probe,qwen,V0_always_reject_final_text_only,raw,shard_14,176,0.0,0.0,False
qwen_dev_869348_local_text_probe,qwen,V0_always_reject_final_text_only,raw,shard_15,72,0.0,0.0,False
qwen_dev_869348_local_text_probe,qwen,V0_always_reject_final_text_only,task_only,shard_00,208,0.0,0.0,False
qwen_dev_869348_local_text_probe,qwen,V0_always_reject_final_text_only,task_only,shard_01,128,0.0,0.0,False
qwen_dev_869348_local_text_probe,qwen,V0_always_reject_final_text_only,task_only,shard_02,256,0.0,0.0,False
qwen_dev_869348_local_text_probe,qwen,V0_always_reject_final_text_only,task_only,shard_03,240,0.0,0.0,False
qwen_dev_869348_local_text_probe,qwen,V0_always_reject_final_text_only,task_only,shard_04,176,0.0,0.0,False
qwen_dev_869348_local_text_probe,qwen,V0_always_reject_final_text_only,task_only,shard_05,160,0.0,0.0,False
qwen_dev_869348_local_text_probe,qwen,V0_always_reject_final_text_only,task_only,shard_06,176,0.0,0.0,False
qwen_dev_869348_local_text_probe,qwen,V0_always_reject_final_text_only,task_only,shard_07,176,0.0,0.0,False
qwen_dev_869348_local_text_probe,qwen,V0_always_reject_final_text_only,task_only,shard_08,160,0.0,0.0,False
qwen_dev_869348_local_text_probe,qwen,V0_always_reject_final_text_only,task_only,shard_09,272,0.0,0.0,False
qwen_dev_869348_local_text_probe,qwen,V0_always_reject_final_text_only,task_only,shard_10,160,0.0,0.0,False
qwen_dev_869348_local_text_probe,qwen,V0_always_reject_final_text_only,task_only,shard_11,112,0.0,0.0,False
qwen_dev_869348_local_text_probe,qwen,V0_always_reject_final_text_only,task_only,shard_12,256,0.0,0.0,False
qwen_dev_869348_local_text_probe,qwen,V0_always_reject_final_text_only,task_only,shard_13,272,0.0,0.0,False
qwen_dev_869348_local_text_probe,qwen,V0_always_reject_final_text_only,task_only,shard_14,176,0.0,0.0,False
qwen_dev_869348_local_text_probe,qwen,V0_always_reject_final_text_only,task_only,shard_15,72,0.0,0.0,False
qwen_dev_869348_local_text_probe,qwen,P0_prefix_template_public_predicate,protected,shard_00,208,0.04807692307692308,0.04807692307692308,False
qwen_dev_869348_local_text_probe,qwen,P0_prefix_template_public_predicate,protected,shard_01,128,0.0625,0.0625,False
qwen_dev_869348_local_text_probe,qwen,P0_prefix_template_public_predicate,protected,shard_02,256,0.046875,0.046875,False
qwen_dev_869348_local_text_probe,qwen,P0_prefix_template_public_predicate,protected,shard_03,240,0.041666666666666664,0.041666666666666664,False
qwen_dev_869348_local_text_probe,qwen,P0_prefix_template_public_predicate,protected,shard_04,176,0.045454545454545456,0.045454545454545456,False
qwen_dev_869348_local_text_probe,qwen,P0_prefix_template_public_predicate,protected,shard_05,160,0.075,0.075,False
qwen_dev_869348_local_text_probe,qwen,P0_prefix_template_public_predicate,protected,shard_06,176,0.07954545454545454,0.07954545454545454,False
qwen_dev_869348_local_text_probe,qwen,P0_prefix_template_public_predicate,protected,shard_07,176,0.056818181818181816,0.056818181818181816,False
qwen_dev_869348_local_text_probe,qwen,P0_prefix_template_public_predicate,protected,shard_08,160,0.03125,0.03125,False
qwen_dev_869348_local_text_probe,qwen,P0_prefix_template_public_predicate,protected,shard_09,272,0.025735294117647058,0.025735294117647058,False
qwen_dev_869348_local_text_probe,qwen,P0_prefix_template_public_predicate,protected,shard_10,160,0.075,0.075,False
qwen_dev_869348_local_text_probe,qwen,P0_prefix_template_public_predicate,protected,shard_11,112,0.026785714285714284,0.026785714285714284,False
qwen_dev_869348_local_text_probe,qwen,P0_prefix_template_public_predicate,protected,shard_12,256,0.0234375,0.0234375,False
qwen_dev_869348_local_text_probe,qwen,P0_prefix_template_public_predicate,protected,shard_13,272,0.022058823529411766,0.022058823529411766,False
qwen_dev_869348_local_text_probe,qwen,P0_prefix_template_public_predicate,protected,shard_14,176,0.011363636363636364,0.011363636363636364,False
qwen_dev_869348_local_text_probe,qwen,P0_prefix_template_public_predicate,protected,shard_15,72,0.09722222222222222,0.09722222222222222,False
qwen_dev_869348_local_text_probe,qwen,P0_prefix_template_public_predicate,raw,shard_00,208,0.07211538461538461,0.07211538461538461,False
qwen_dev_869348_local_text_probe,qwen,P0_prefix_template_public_predicate,raw,shard_01,128,0.0859375,0.0859375,False
qwen_dev_869348_local_text_probe,qwen,P0_prefix_template_public_predicate,raw,shard_02,256,0.0625,0.0625,False
qwen_dev_869348_local_text_probe,qwen,P0_prefix_template_public_predicate,raw,shard_03,240,0.058333333333333334,0.058333333333333334,False
qwen_dev_869348_local_text_probe,qwen,P0_prefix_template_public_predicate,raw,shard_04,176,0.05113636363636364,0.05113636363636364,False
qwen_dev_869348_local_text_probe,qwen,P0_prefix_template_public_predicate,raw,shard_05,160,0.05625,0.05625,False
qwen_dev_869348_local_text_probe,qwen,P0_prefix_template_public_predicate,raw,shard_06,176,0.056818181818181816,0.056818181818181816,False
qwen_dev_869348_local_text_probe,qwen,P0_prefix_template_public_predicate,raw,shard_07,176,0.06818181818181818,0.06818181818181818,False
qwen_dev_869348_local_text_probe,qwen,P0_prefix_template_public_predicate,raw,shard_08,160,0.0125,0.0125,False
qwen_dev_869348_local_text_probe,qwen,P0_prefix_template_public_predicate,raw,shard_09,272,0.025735294117647058,0.025735294117647058,False
qwen_dev_869348_local_text_probe,qwen,P0_prefix_template_public_predicate,raw,shard_10,160,0.0625,0.0625,False
qwen_dev_869348_local_text_probe,qwen,P0_prefix_template_public_predicate,raw,shard_11,112,0.008928571428571428,0.008928571428571428,False
qwen_dev_869348_local_text_probe,qwen,P0_prefix_template_public_predicate,raw,shard_12,256,0.03515625,0.03515625,False
qwen_dev_869348_local_text_probe,qwen,P0_prefix_template_public_predicate,raw,shard_13,272,0.014705882352941176,0.014705882352941176,False
qwen_dev_869348_local_text_probe,qwen,P0_prefix_template_public_predicate,raw,shard_14,176,0.017045454545454544,0.017045454545454544,False
qwen_dev_869348_local_text_probe,qwen,P0_prefix_template_public_predicate,raw,shard_15,72,0.125,0.125,False
qwen_dev_869348_local_text_probe,qwen,P0_prefix_template_public_predicate,task_only,shard_00,208,0.03365384615384615,0.03365384615384615,False
qwen_dev_869348_local_text_probe,qwen,P0_prefix_template_public_predicate,task_only,shard_01,128,0.0703125,0.0703125,False
qwen_dev_869348_local_text_probe,qwen,P0_prefix_template_public_predicate,task_only,shard_02,256,0.09765625,0.09765625,False
qwen_dev_869348_local_text_probe,qwen,P0_prefix_template_public_predicate,task_only,shard_03,240,0.03333333333333333,0.03333333333333333,False
qwen_dev_869348_local_text_probe,qwen,P0_prefix_template_public_predicate,task_only,shard_04,176,0.03409090909090909,0.03409090909090909,False
qwen_dev_869348_local_text_probe,qwen,P0_prefix_template_public_predicate,task_only,shard_05,160,0.0625,0.0625,False
qwen_dev_869348_local_text_probe,qwen,P0_prefix_template_public_predicate,task_only,shard_06,176,0.0625,0.0625,False
qwen_dev_869348_local_text_probe,qwen,P0_prefix_template_public_predicate,task_only,shard_07,176,0.07954545454545454,0.07954545454545454,False
qwen_dev_869348_local_text_probe,qwen,P0_prefix_template_public_predicate,task_only,shard_08,160,0.01875,0.01875,False
qwen_dev_869348_local_text_probe,qwen,P0_prefix_template_public_predicate,task_only,shard_09,272,0.014705882352941176,0.014705882352941176,False
qwen_dev_869348_local_text_probe,qwen,P0_prefix_template_public_predicate,task_only,shard_10,160,0.05,0.05,False
qwen_dev_869348_local_text_probe,qwen,P0_prefix_template_public_predicate,task_only,shard_11,112,0.008928571428571428,0.008928571428571428,False
qwen_dev_869348_local_text_probe,qwen,P0_prefix_template_public_predicate,task_only,shard_12,256,0.0234375,0.0234375,False
qwen_dev_869348_local_text_probe,qwen,P0_prefix_template_public_predicate,task_only,shard_13,272,0.007352941176470588,0.007352941176470588,False
qwen_dev_869348_local_text_probe,qwen,P0_prefix_template_public_predicate,task_only,shard_14,176,0.022727272727272728,0.022727272727272728,False
qwen_dev_869348_local_text_probe,qwen,P0_prefix_template_public_predicate,task_only,shard_15,72,0.08333333333333333,0.08333333333333333,False
qwen_dev_869348_local_text_probe,qwen,P2_learned_shallow_public_predicate,protected,shard_00,208,1.0375659909619914,0.34615384615384615,False
qwen_dev_869348_local_text_probe,qwen,P2_learned_shallow_public_predicate,protected,shard_01,128,-0.10680713617946071,0.25,False
qwen_dev_869348_local_text_probe,qwen,P2_learned_shallow_public_predicate,protected,shard_02,256,0.7089253178224046,0.31640625,False
qwen_dev_869348_local_text_probe,qwen,P2_learned_shallow_public_predicate,protected,shard_03,240,0.47101544786388666,0.2916666666666667,False
qwen_dev_869348_local_text_probe,qwen,P2_learned_shallow_public_predicate,protected,shard_04,176,0.9251289313397983,0.2897727272727273,False
qwen_dev_869348_local_text_probe,qwen,P2_learned_shallow_public_predicate,protected,shard_05,160,0.6779194775056792,0.30625,False
qwen_dev_869348_local_text_probe,qwen,P2_learned_shallow_public_predicate,protected,shard_06,176,-0.4721122486739077,0.25,False
qwen_dev_869348_local_text_probe,qwen,P2_learned_shallow_public_predicate,protected,shard_07,176,0.8328191369685993,0.3352272727272727,False
qwen_dev_869348_local_text_probe,qwen,P2_learned_shallow_public_predicate,protected,shard_08,160,0.4274453231568399,0.3,False
qwen_dev_869348_local_text_probe,qwen,P2_learned_shallow_public_predicate,protected,shard_09,272,1.9575674382788,0.3897058823529412,False
qwen_dev_869348_local_text_probe,qwen,P2_learned_shallow_public_predicate,protected,shard_10,160,0.871669215585708,0.25625,False
qwen_dev_869348_local_text_probe,qwen,P2_learned_shallow_public_predicate,protected,shard_11,112,1.7627243650818252,0.36607142857142855,False
qwen_dev_869348_local_text_probe,qwen,P2_learned_shallow_public_predicate,protected,shard_12,256,1.051388744141886,0.3125,False
qwen_dev_869348_local_text_probe,qwen,P2_learned_shallow_public_predicate,protected,shard_13,272,1.723113246083658,0.39338235294117646,False
qwen_dev_869348_local_text_probe,qwen,P2_learned_shallow_public_predicate,protected,shard_14,176,1.5958625424419197,0.36363636363636365,False
qwen_dev_869348_local_text_probe,qwen,P2_learned_shallow_public_predicate,protected,shard_15,72,1.7420504662180525,0.3472222222222222,False
qwen_dev_869348_local_text_probe,qwen,P2_learned_shallow_public_predicate,raw,shard_00,208,-0.8035689812941853,0.18269230769230768,False
qwen_dev_869348_local_text_probe,qwen,P2_learned_shallow_public_predicate,raw,shard_01,128,-1.1626542598456684,0.203125,False
qwen_dev_869348_local_text_probe,qwen,P2_learned_shallow_public_predicate,raw,shard_02,256,-0.5061598122649729,0.20703125,False
qwen_dev_869348_local_text_probe,qwen,P2_learned_shallow_public_predicate,raw,shard_03,240,-0.7850850732108952,0.21666666666666667,False
qwen_dev_869348_local_text_probe,qwen,P2_learned_shallow_public_predicate,raw,shard_04,176,-0.3448158292637001,0.1875,False
qwen_dev_869348_local_text_probe,qwen,P2_learned_shallow_public_predicate,raw,shard_05,160,0.1927786677730811,0.2875,False
qwen_dev_869348_local_text_probe,qwen,P2_learned_shallow_public_predicate,raw,shard_06,176,-0.9707124234719057,0.17613636363636365,False
qwen_dev_869348_local_text_probe,qwen,P2_learned_shallow_public_predicate,raw,shard_07,176,-0.684748573377384,0.2159090909090909,False
qwen_dev_869348_local_text_probe,qwen,P2_learned_shallow_public_predicate,raw,shard_08,160,-0.06253572344751823,0.2625,False
qwen_dev_869348_local_text_probe,qwen,P2_learned_shallow_public_predicate,raw,shard_09,272,0.4364877646955685,0.28308823529411764,False
qwen_dev_869348_local_text_probe,qwen,P2_learned_shallow_public_predicate,raw,shard_10,160,-0.07257199675448232,0.25625,False
qwen_dev_869348_local_text_probe,qwen,P2_learned_shallow_public_predicate,raw,shard_11,112,0.7527374682988389,0.3392857142857143,False
qwen_dev_869348_local_text_probe,qwen,P2_learned_shallow_public_predicate,raw,shard_12,256,-0.02668232331740312,0.21484375,False
qwen_dev_869348_local_text_probe,qwen,P2_learned_shallow_public_predicate,raw,shard_13,272,0.6462497031339876,0.3235294117647059,False
qwen_dev_869348_local_text_probe,qwen,P2_learned_shallow_public_predicate,raw,shard_14,176,0.036299152762396945,0.22727272727272727,False
qwen_dev_869348_local_text_probe,qwen,P2_learned_shallow_public_predicate,raw,shard_15,72,-0.06761719456167795,0.25,False
qwen_dev_869348_local_text_probe,qwen,P2_learned_shallow_public_predicate,task_only,shard_00,208,-0.354549976612749,0.21634615384615385,False
qwen_dev_869348_local_text_probe,qwen,P2_learned_shallow_public_predicate,task_only,shard_01,128,-0.8272638645183857,0.203125,False
qwen_dev_869348_local_text_probe,qwen,P2_learned_shallow_public_predicate,task_only,shard_02,256,0.05465636521332112,0.25,False
qwen_dev_869348_local_text_probe,qwen,P2_learned_shallow_public_predicate,task_only,shard_03,240,-0.08931440386109007,0.275,False
qwen_dev_869348_local_text_probe,qwen,P2_learned_shallow_public_predicate,task_only,shard_04,176,-0.5892610241067859,0.18181818181818182,False
qwen_dev_869348_local_text_probe,qwen,P2_learned_shallow_public_predicate,task_only,shard_05,160,-0.2679545900126473,0.225,False
qwen_dev_869348_local_text_probe,qwen,P2_learned_shallow_public_predicate,task_only,shard_06,176,-1.1111538369155334,0.21022727272727273,False
qwen_dev_869348_local_text_probe,qwen,P2_learned_shallow_public_predicate,task_only,shard_07,176,-1.051513517350795,0.17613636363636365,False
qwen_dev_869348_local_text_probe,qwen,P2_learned_shallow_public_predicate,task_only,shard_08,160,-0.1524108387463092,0.26875,False
qwen_dev_869348_local_text_probe,qwen,P2_learned_shallow_public_predicate,task_only,shard_09,272,0.3191042952152222,0.27205882352941174,False
qwen_dev_869348_local_text_probe,qwen,P2_learned_shallow_public_predicate,task_only,shard_10,160,-1.1379186373348493,0.18125,False
qwen_dev_869348_local_text_probe,qwen,P2_learned_shallow_public_predicate,task_only,shard_11,112,0.4898455026006306,0.32142857142857145,False
qwen_dev_869348_local_text_probe,qwen,P2_learned_shallow_public_predicate,task_only,shard_12,256,0.21963382085819558,0.25390625,False
qwen_dev_869348_local_text_probe,qwen,P2_learned_shallow_public_predicate,task_only,shard_13,272,0.6739041208693686,0.3125,False
qwen_dev_869348_local_text_probe,qwen,P2_learned_shallow_public_predicate,task_only,shard_14,176,0.09515846211941054,0.2784090909090909,False
qwen_dev_869348_local_text_probe,qwen,P2_learned_shallow_public_predicate,task_only,shard_15,72,0.5098315255910661,0.2777777777777778,False
qwen_dev_869348_local_text_probe,qwen,P4_char_ngram_public_predicate,protected,shard_00,208,0.6030984930185692,0.10096153846153846,False
qwen_dev_869348_local_text_probe,qwen,P4_char_ngram_public_predicate,protected,shard_01,128,-3.5636469214335547,0.0390625,False
qwen_dev_869348_local_text_probe,qwen,P4_char_ngram_public_predicate,protected,shard_02,256,2.5154229386578772,0.10546875,False
qwen_dev_869348_local_text_probe,qwen,P4_char_ngram_public_predicate,protected,shard_03,240,2.4103456938129306,0.09166666666666666,False
qwen_dev_869348_local_text_probe,qwen,P4_char_ngram_public_predicate,protected,shard_04,176,1.8969081607525533,0.07954545454545454,False
qwen_dev_869348_local_text_probe,qwen,P4_char_ngram_public_predicate,protected,shard_05,160,0.3966979016145483,0.08125,False
qwen_dev_869348_local_text_probe,qwen,P4_char_ngram_public_predicate,protected,shard_06,176,0.3794381165712448,0.06818181818181818,False
qwen_dev_869348_local_text_probe,qwen,P4_char_ngram_public_predicate,protected,shard_07,176,3.499594345800949,0.09090909090909091,False
qwen_dev_869348_local_text_probe,qwen,P4_char_ngram_public_predicate,protected,shard_08,160,3.407958521684521,0.0875,False
qwen_dev_869348_local_text_probe,qwen,P4_char_ngram_public_predicate,protected,shard_09,272,8.737337692892496,0.13602941176470587,False
qwen_dev_869348_local_text_probe,qwen,P4_char_ngram_public_predicate,protected,shard_10,160,3.4309955746364134,0.10625,False
qwen_dev_869348_local_text_probe,qwen,P4_char_ngram_public_predicate,protected,shard_11,112,10.461788628398681,0.1875,False
qwen_dev_869348_local_text_probe,qwen,P4_char_ngram_public_predicate,protected,shard_12,256,6.148287973256293,0.125,False
qwen_dev_869348_local_text_probe,qwen,P4_char_ngram_public_predicate,protected,shard_13,272,8.86187636648649,0.16911764705882354,False
qwen_dev_869348_local_text_probe,qwen,P4_char_ngram_public_predicate,protected,shard_14,176,4.354792213972086,0.11363636363636363,False
qwen_dev_869348_local_text_probe,qwen,P4_char_ngram_public_predicate,protected,shard_15,72,3.066981171434639,0.09722222222222222,False
qwen_dev_869348_local_text_probe,qwen,P4_char_ngram_public_predicate,raw,shard_00,208,-4.994388618636403,0.028846153846153848,False
qwen_dev_869348_local_text_probe,qwen,P4_char_ngram_public_predicate,raw,shard_01,128,-5.544173462531456,0.0234375,False
qwen_dev_869348_local_text_probe,qwen,P4_char_ngram_public_predicate,raw,shard_02,256,-1.0321790908953947,0.05859375,False
qwen_dev_869348_local_text_probe,qwen,P4_char_ngram_public_predicate,raw,shard_03,240,-1.2639635083691843,0.041666666666666664,False
qwen_dev_869348_local_text_probe,qwen,P4_char_ngram_public_predicate,raw,shard_04,176,-1.591172539809168,0.028409090909090908,False
qwen_dev_869348_local_text_probe,qwen,P4_char_ngram_public_predicate,raw,shard_05,160,0.8059318093515717,0.075,False
qwen_dev_869348_local_text_probe,qwen,P4_char_ngram_public_predicate,raw,shard_06,176,-3.990092938368464,0.011363636363636364,False
qwen_dev_869348_local_text_probe,qwen,P4_char_ngram_public_predicate,raw,shard_07,176,-0.9513125669245492,0.0625,False
qwen_dev_869348_local_text_probe,qwen,P4_char_ngram_public_predicate,raw,shard_08,160,-0.5807173928512578,0.0375,False
qwen_dev_869348_local_text_probe,qwen,P4_char_ngram_public_predicate,raw,shard_09,272,3.928652629888808,0.08823529411764706,False
qwen_dev_869348_local_text_probe,qwen,P4_char_ngram_public_predicate,raw,shard_10,160,1.1373767578660028,0.04375,False
qwen_dev_869348_local_text_probe,qwen,P4_char_ngram_public_predicate,raw,shard_11,112,5.722747501414785,0.11607142857142858,False
qwen_dev_869348_local_text_probe,qwen,P4_char_ngram_public_predicate,raw,shard_12,256,0.604989456697676,0.03125,False
qwen_dev_869348_local_text_probe,qwen,P4_char_ngram_public_predicate,raw,shard_13,272,2.739272312517525,0.10661764705882353,False
qwen_dev_869348_local_text_probe,qwen,P4_char_ngram_public_predicate,raw,shard_14,176,-1.949741267539714,0.03977272727272727,False
qwen_dev_869348_local_text_probe,qwen,P4_char_ngram_public_predicate,raw,shard_15,72,-4.353872043969072,0.041666666666666664,False
qwen_dev_869348_local_text_probe,qwen,P4_char_ngram_public_predicate,task_only,shard_00,208,-2.2762461161902947,0.03365384615384615,False
qwen_dev_869348_local_text_probe,qwen,P4_char_ngram_public_predicate,task_only,shard_01,128,-6.083055404226955,0.0078125,False
qwen_dev_869348_local_text_probe,qwen,P4_char_ngram_public_predicate,task_only,shard_02,256,0.991607296025439,0.05859375,False
qwen_dev_869348_local_text_probe,qwen,P4_char_ngram_public_predicate,task_only,shard_03,240,-1.6103718407597327,0.05416666666666667,False
qwen_dev_869348_local_text_probe,qwen,P4_char_ngram_public_predicate,task_only,shard_04,176,-2.9048767648963616,0.0,False
qwen_dev_869348_local_text_probe,qwen,P4_char_ngram_public_predicate,task_only,shard_05,160,-3.1540779415857605,0.025,False
qwen_dev_869348_local_text_probe,qwen,P4_char_ngram_public_predicate,task_only,shard_06,176,-3.4373005960226823,0.005681818181818182,False
qwen_dev_869348_local_text_probe,qwen,P4_char_ngram_public_predicate,task_only,shard_07,176,-2.6462224203319034,0.03409090909090909,False
qwen_dev_869348_local_text_probe,qwen,P4_char_ngram_public_predicate,task_only,shard_08,160,-2.8318463174121384,0.03125,False
qwen_dev_869348_local_text_probe,qwen,P4_char_ngram_public_predicate,task_only,shard_09,272,3.057812137588065,0.051470588235294115,False
qwen_dev_869348_local_text_probe,qwen,P4_char_ngram_public_predicate,task_only,shard_10,160,-1.657114760158148,0.025,False
qwen_dev_869348_local_text_probe,qwen,P4_char_ngram_public_predicate,task_only,shard_11,112,6.40048199178515,0.08928571428571429,False
qwen_dev_869348_local_text_probe,qwen,P4_char_ngram_public_predicate,task_only,shard_12,256,2.458808217459877,0.046875,False
qwen_dev_869348_local_text_probe,qwen,P4_char_ngram_public_predicate,task_only,shard_13,272,3.2536125749409397,0.07352941176470588,False
qwen_dev_869348_local_text_probe,qwen,P4_char_ngram_public_predicate,task_only,shard_14,176,0.04921177477313546,0.03409090909090909,False
qwen_dev_869348_local_text_probe,qwen,P4_char_ngram_public_predicate,task_only,shard_15,72,-1.3932485390241645,0.041666666666666664,False
qwen_dev_869348_local_text_probe,qwen,P5_word_trigram_public_predicate,protected,shard_00,208,1.8864932942573835,0.5769230769230769,True
qwen_dev_869348_local_text_probe,qwen,P5_word_trigram_public_predicate,protected,shard_01,128,0.40716883223463235,0.6015625,True
qwen_dev_869348_local_text_probe,qwen,P5_word_trigram_public_predicate,protected,shard_02,256,1.5955100114593288,0.6171875,True
qwen_dev_869348_local_text_probe,qwen,P5_word_trigram_public_predicate,protected,shard_03,240,1.2817797491292853,0.575,True
qwen_dev_869348_local_text_probe,qwen,P5_word_trigram_public_predicate,protected,shard_04,176,1.235166710729626,0.5625,True
qwen_dev_869348_local_text_probe,qwen,P5_word_trigram_public_predicate,protected,shard_05,160,1.7551225042005338,0.6,True
qwen_dev_869348_local_text_probe,qwen,P5_word_trigram_public_predicate,protected,shard_06,176,-0.6105854303596163,0.5227272727272727,True
qwen_dev_869348_local_text_probe,qwen,P5_word_trigram_public_predicate,protected,shard_07,176,2.106616459798444,0.625,True
qwen_dev_869348_local_text_probe,qwen,P5_word_trigram_public_predicate,protected,shard_08,160,0.9159260436226789,0.5875,True
qwen_dev_869348_local_text_probe,qwen,P5_word_trigram_public_predicate,protected,shard_09,272,4.159677596803322,0.7022058823529411,True
qwen_dev_869348_local_text_probe,qwen,P5_word_trigram_public_predicate,protected,shard_10,160,1.9616748731330926,0.64375,True
qwen_dev_869348_local_text_probe,qwen,P5_word_trigram_public_predicate,protected,shard_11,112,4.119676406506091,0.6607142857142857,True
qwen_dev_869348_local_text_probe,qwen,P5_word_trigram_public_predicate,protected,shard_12,256,1.7758544969626682,0.61328125,True
qwen_dev_869348_local_text_probe,qwen,P5_word_trigram_public_predicate,protected,shard_13,272,4.096000834822757,0.6801470588235294,True
qwen_dev_869348_local_text_probe,qwen,P5_word_trigram_public_predicate,protected,shard_14,176,4.684868025117611,0.6704545454545454,True
qwen_dev_869348_local_text_probe,qwen,P5_word_trigram_public_predicate,protected,shard_15,72,4.5928734875089665,0.625,True
qwen_dev_869348_local_text_probe,qwen,P5_word_trigram_public_predicate,raw,shard_00,208,-1.6265303289466488,0.5144230769230769,True
qwen_dev_869348_local_text_probe,qwen,P5_word_trigram_public_predicate,raw,shard_01,128,-1.9326868141080915,0.484375,False
qwen_dev_869348_local_text_probe,qwen,P5_word_trigram_public_predicate,raw,shard_02,256,-2.1146762393497793,0.48828125,False
qwen_dev_869348_local_text_probe,qwen,P5_word_trigram_public_predicate,raw,shard_03,240,-1.8774349391208895,0.4875,False
qwen_dev_869348_local_text_probe,qwen,P5_word_trigram_public_predicate,raw,shard_04,176,-1.4138080156373378,0.5170454545454546,True
qwen_dev_869348_local_text_probe,qwen,P5_word_trigram_public_predicate,raw,shard_05,160,-0.09744370253420502,0.55,True
qwen_dev_869348_local_text_probe,qwen,P5_word_trigram_public_predicate,raw,shard_06,176,-1.5685482992831878,0.5284090909090909,True
qwen_dev_869348_local_text_probe,qwen,P5_word_trigram_public_predicate,raw,shard_07,176,-1.734996594651205,0.5284090909090909,True
qwen_dev_869348_local_text_probe,qwen,P5_word_trigram_public_predicate,raw,shard_08,160,-0.49650933433988137,0.55,True
qwen_dev_869348_local_text_probe,qwen,P5_word_trigram_public_predicate,raw,shard_09,272,0.7490889478647247,0.6507352941176471,True
qwen_dev_869348_local_text_probe,qwen,P5_word_trigram_public_predicate,raw,shard_10,160,0.4982179387159296,0.60625,True
qwen_dev_869348_local_text_probe,qwen,P5_word_trigram_public_predicate,raw,shard_11,112,1.6309002561580008,0.6071428571428571,True
qwen_dev_869348_local_text_probe,qwen,P5_word_trigram_public_predicate,raw,shard_12,256,0.12887418086861563,0.578125,True
qwen_dev_869348_local_text_probe,qwen,P5_word_trigram_public_predicate,raw,shard_13,272,1.0106995898975282,0.6139705882352942,True
qwen_dev_869348_local_text_probe,qwen,P5_word_trigram_public_predicate,raw,shard_14,176,0.048106133223349515,0.5852272727272727,True
qwen_dev_869348_local_text_probe,qwen,P5_word_trigram_public_predicate,raw,shard_15,72,-0.1753020222432848,0.6111111111111112,True
qwen_dev_869348_local_text_probe,qwen,P5_word_trigram_public_predicate,task_only,shard_00,208,-1.3439138171331597,0.5048076923076923,True
qwen_dev_869348_local_text_probe,qwen,P5_word_trigram_public_predicate,task_only,shard_01,128,-2.0660487704326176,0.4609375,False
qwen_dev_869348_local_text_probe,qwen,P5_word_trigram_public_predicate,task_only,shard_02,256,-0.23802641445140008,0.59375,True
qwen_dev_869348_local_text_probe,qwen,P5_word_trigram_public_predicate,task_only,shard_03,240,-0.19998088867273758,0.5083333333333333,True
qwen_dev_869348_local_text_probe,qwen,P5_word_trigram_public_predicate,task_only,shard_04,176,-1.7938182430080991,0.5113636363636364,True
qwen_dev_869348_local_text_probe,qwen,P5_word_trigram_public_predicate,task_only,shard_05,160,-1.2159583138305043,0.51875,True
qwen_dev_869348_local_text_probe,qwen,P5_word_trigram_public_predicate,task_only,shard_06,176,-2.3583313769692604,0.4602272727272727,False
qwen_dev_869348_local_text_probe,qwen,P5_word_trigram_public_predicate,task_only,shard_07,176,-2.7440851210412025,0.4659090909090909,False
qwen_dev_869348_local_text_probe,qwen,P5_word_trigram_public_predicate,task_only,shard_08,160,-0.5497680174163889,0.5625,True
qwen_dev_869348_local_text_probe,qwen,P5_word_trigram_public_predicate,task_only,shard_09,272,0.7975534309029039,0.6470588235294118,True
qwen_dev_869348_local_text_probe,qwen,P5_word_trigram_public_predicate,task_only,shard_10,160,-2.459133834440537,0.49375,False
qwen_dev_869348_local_text_probe,qwen,P5_word_trigram_public_predicate,task_only,shard_11,112,1.0098540525938788,0.625,True
qwen_dev_869348_local_text_probe,qwen,P5_word_trigram_public_predicate,task_only,shard_12,256,-0.00942095086342249,0.609375,True
qwen_dev_869348_local_text_probe,qwen,P5_word_trigram_public_predicate,task_only,shard_13,272,1.5117864382835517,0.6066176470588235,True
qwen_dev_869348_local_text_probe,qwen,P5_word_trigram_public_predicate,task_only,shard_14,176,0.08758592997548842,0.5965909090909091,True
qwen_dev_869348_local_text_probe,qwen,P5_word_trigram_public_predicate,task_only,shard_15,72,2.617608684630999,0.7361111111111112,True
qwen_dev_869348_local_text_probe,qwen,P6_hybrid_char_word_public_predicate,protected,shard_00,208,0.5701726654540291,0.1346153846153846,False
qwen_dev_869348_local_text_probe,qwen,P6_hybrid_char_word_public_predicate,protected,shard_01,128,-2.2702114682077625,0.109375,False
qwen_dev_869348_local_text_probe,qwen,P6_hybrid_char_word_public_predicate,protected,shard_02,256,1.8324555117165235,0.1796875,False
qwen_dev_869348_local_text_probe,qwen,P6_hybrid_char_word_public_predicate,protected,shard_03,240,2.3760007410591446,0.21666666666666667,False
qwen_dev_869348_local_text_probe,qwen,P6_hybrid_char_word_public_predicate,protected,shard_04,176,1.5311535217635879,0.1590909090909091,False
qwen_dev_869348_local_text_probe,qwen,P6_hybrid_char_word_public_predicate,protected,shard_05,160,1.6930725348303028,0.1875,False
qwen_dev_869348_local_text_probe,qwen,P6_hybrid_char_word_public_predicate,protected,shard_06,176,0.21169706701740038,0.11931818181818182,False
qwen_dev_869348_local_text_probe,qwen,P6_hybrid_char_word_public_predicate,protected,shard_07,176,2.390073546442783,0.1875,False
qwen_dev_869348_local_text_probe,qwen,P6_hybrid_char_word_public_predicate,protected,shard_08,160,2.5140851433852216,0.15,False
qwen_dev_869348_local_text_probe,qwen,P6_hybrid_char_word_public_predicate,protected,shard_09,272,5.571854465734841,0.27205882352941174,False
qwen_dev_869348_local_text_probe,qwen,P6_hybrid_char_word_public_predicate,protected,shard_10,160,2.465637366950832,0.1875,False
qwen_dev_869348_local_text_probe,qwen,P6_hybrid_char_word_public_predicate,protected,shard_11,112,6.812025745136857,0.2857142857142857,False
qwen_dev_869348_local_text_probe,qwen,P6_hybrid_char_word_public_predicate,protected,shard_12,256,3.9173563663638595,0.16796875,False
qwen_dev_869348_local_text_probe,qwen,P6_hybrid_char_word_public_predicate,protected,shard_13,272,7.322674221671294,0.2977941176470588,False
qwen_dev_869348_local_text_probe,qwen,P6_hybrid_char_word_public_predicate,protected,shard_14,176,4.2408086356603185,0.22727272727272727,False
qwen_dev_869348_local_text_probe,qwen,P6_hybrid_char_word_public_predicate,protected,shard_15,72,3.1259684481180945,0.2361111111111111,False
qwen_dev_869348_local_text_probe,qwen,P6_hybrid_char_word_public_predicate,raw,shard_00,208,-3.740665056914281,0.04807692307692308,False
qwen_dev_869348_local_text_probe,qwen,P6_hybrid_char_word_public_predicate,raw,shard_01,128,-4.221344884616074,0.0546875,False
qwen_dev_869348_local_text_probe,qwen,P6_hybrid_char_word_public_predicate,raw,shard_02,256,-1.3333675453807117,0.10546875,False
qwen_dev_869348_local_text_probe,qwen,P6_hybrid_char_word_public_predicate,raw,shard_03,240,-1.5013652108696844,0.07083333333333333,False
qwen_dev_869348_local_text_probe,qwen,P6_hybrid_char_word_public_predicate,raw,shard_04,176,-3.3327302333328634,0.028409090909090908,False
qwen_dev_869348_local_text_probe,qwen,P6_hybrid_char_word_public_predicate,raw,shard_05,160,0.5297889654638647,0.15625,False
qwen_dev_869348_local_text_probe,qwen,P6_hybrid_char_word_public_predicate,raw,shard_06,176,-2.0069901838165625,0.056818181818181816,False
qwen_dev_869348_local_text_probe,qwen,P6_hybrid_char_word_public_predicate,raw,shard_07,176,-1.6258633843093657,0.13068181818181818,False
qwen_dev_869348_local_text_probe,qwen,P6_hybrid_char_word_public_predicate,raw,shard_08,160,0.32177298264182974,0.1125,False
qwen_dev_869348_local_text_probe,qwen,P6_hybrid_char_word_public_predicate,raw,shard_09,272,0.7653722207393909,0.08088235294117647,False
qwen_dev_869348_local_text_probe,qwen,P6_hybrid_char_word_public_predicate,raw,shard_10,160,-1.1337353912696233,0.08125,False
qwen_dev_869348_local_text_probe,qwen,P6_hybrid_char_word_public_predicate,raw,shard_11,112,4.04884584972213,0.16964285714285715,False
qwen_dev_869348_local_text_probe,qwen,P6_hybrid_char_word_public_predicate,raw,shard_12,256,-0.16356948048526465,0.07421875,False
qwen_dev_869348_local_text_probe,qwen,P6_hybrid_char_word_public_predicate,raw,shard_13,272,1.7406707612799135,0.16176470588235295,False
qwen_dev_869348_local_text_probe,qwen,P6_hybrid_char_word_public_predicate,raw,shard_14,176,-1.7098865274765962,0.07386363636363637,False
qwen_dev_869348_local_text_probe,qwen,P6_hybrid_char_word_public_predicate,raw,shard_15,72,-2.997271950082938,0.041666666666666664,False
qwen_dev_869348_local_text_probe,qwen,P6_hybrid_char_word_public_predicate,task_only,shard_00,208,-2.648956852070405,0.04807692307692308,False
qwen_dev_869348_local_text_probe,qwen,P6_hybrid_char_word_public_predicate,task_only,shard_01,128,-4.159244620430741,0.0625,False
qwen_dev_869348_local_text_probe,qwen,P6_hybrid_char_word_public_predicate,task_only,shard_02,256,0.5422378855370893,0.125,False
qwen_dev_869348_local_text_probe,qwen,P6_hybrid_char_word_public_predicate,task_only,shard_03,240,-1.1953842250632214,0.0875,False
qwen_dev_869348_local_text_probe,qwen,P6_hybrid_char_word_public_predicate,task_only,shard_04,176,-2.196461743033304,0.07386363636363637,False
qwen_dev_869348_local_text_probe,qwen,P6_hybrid_char_word_public_predicate,task_only,shard_05,160,-2.1710413221089104,0.1,False
qwen_dev_869348_local_text_probe,qwen,P6_hybrid_char_word_public_predicate,task_only,shard_06,176,-1.694636556081815,0.08522727272727272,False
qwen_dev_869348_local_text_probe,qwen,P6_hybrid_char_word_public_predicate,task_only,shard_07,176,-3.298429549899616,0.0625,False
qwen_dev_869348_local_text_probe,qwen,P6_hybrid_char_word_public_predicate,task_only,shard_08,160,-1.23042561143633,0.075,False
qwen_dev_869348_local_text_probe,qwen,P6_hybrid_char_word_public_predicate,task_only,shard_09,272,-0.41414650371404904,0.06985294117647059,False
qwen_dev_869348_local_text_probe,qwen,P6_hybrid_char_word_public_predicate,task_only,shard_10,160,-3.2778099260651805,0.0375,False
qwen_dev_869348_local_text_probe,qwen,P6_hybrid_char_word_public_predicate,task_only,shard_11,112,3.1965185959637137,0.17857142857142858,False
qwen_dev_869348_local_text_probe,qwen,P6_hybrid_char_word_public_predicate,task_only,shard_12,256,0.9991129491652856,0.08203125,False
qwen_dev_869348_local_text_probe,qwen,P6_hybrid_char_word_public_predicate,task_only,shard_13,272,1.7371787709326532,0.11397058823529412,False
qwen_dev_869348_local_text_probe,qwen,P6_hybrid_char_word_public_predicate,task_only,shard_14,176,-1.9474627288823632,0.08522727272727272,False
qwen_dev_869348_local_text_probe,qwen,P6_hybrid_char_word_public_predicate,task_only,shard_15,72,-2.5782709900211054,0.041666666666666664,False
llama_historical_879555_local_text_probe,llama,V0_always_reject_final_text_only,protected,shard_00,192,0.0,0.0,False
llama_historical_879555_local_text_probe,llama,V0_always_reject_final_text_only,protected,shard_01,192,0.0,0.0,False
llama_historical_879555_local_text_probe,llama,V0_always_reject_final_text_only,protected,shard_02,176,0.0,0.0,False
llama_historical_879555_local_text_probe,llama,V0_always_reject_final_text_only,protected,shard_03,144,0.0,0.0,False
llama_historical_879555_local_text_probe,llama,V0_always_reject_final_text_only,protected,shard_04,240,0.0,0.0,False
llama_historical_879555_local_text_probe,llama,V0_always_reject_final_text_only,protected,shard_05,208,0.0,0.0,False
llama_historical_879555_local_text_probe,llama,V0_always_reject_final_text_only,protected,shard_06,208,0.0,0.0,False
llama_historical_879555_local_text_probe,llama,V0_always_reject_final_text_only,protected,shard_07,176,0.0,0.0,False
llama_historical_879555_local_text_probe,llama,V0_always_reject_final_text_only,protected,shard_08,272,0.0,0.0,False
llama_historical_879555_local_text_probe,llama,V0_always_reject_final_text_only,protected,shard_09,256,0.0,0.0,False
llama_historical_879555_local_text_probe,llama,V0_always_reject_final_text_only,protected,shard_10,176,0.0,0.0,False
llama_historical_879555_local_text_probe,llama,V0_always_reject_final_text_only,protected,shard_11,160,0.0,0.0,False
llama_historical_879555_local_text_probe,llama,V0_always_reject_final_text_only,protected,shard_12,272,0.0,0.0,False
llama_historical_879555_local_text_probe,llama,V0_always_reject_final_text_only,protected,shard_13,288,0.0,0.0,False
llama_historical_879555_local_text_probe,llama,V0_always_reject_final_text_only,protected,shard_14,40,0.0,0.0,False
llama_historical_879555_local_text_probe,llama,V0_always_reject_final_text_only,raw,shard_00,192,0.0,0.0,False
llama_historical_879555_local_text_probe,llama,V0_always_reject_final_text_only,raw,shard_01,192,0.0,0.0,False
llama_historical_879555_local_text_probe,llama,V0_always_reject_final_text_only,raw,shard_02,176,0.0,0.0,False
llama_historical_879555_local_text_probe,llama,V0_always_reject_final_text_only,raw,shard_03,144,0.0,0.0,False
llama_historical_879555_local_text_probe,llama,V0_always_reject_final_text_only,raw,shard_04,240,0.0,0.0,False
llama_historical_879555_local_text_probe,llama,V0_always_reject_final_text_only,raw,shard_05,208,0.0,0.0,False
llama_historical_879555_local_text_probe,llama,V0_always_reject_final_text_only,raw,shard_06,208,0.0,0.0,False
llama_historical_879555_local_text_probe,llama,V0_always_reject_final_text_only,raw,shard_07,176,0.0,0.0,False
llama_historical_879555_local_text_probe,llama,V0_always_reject_final_text_only,raw,shard_08,272,0.0,0.0,False
llama_historical_879555_local_text_probe,llama,V0_always_reject_final_text_only,raw,shard_09,256,0.0,0.0,False
llama_historical_879555_local_text_probe,llama,V0_always_reject_final_text_only,raw,shard_10,176,0.0,0.0,False
llama_historical_879555_local_text_probe,llama,V0_always_reject_final_text_only,raw,shard_11,160,0.0,0.0,False
llama_historical_879555_local_text_probe,llama,V0_always_reject_final_text_only,raw,shard_12,272,0.0,0.0,False
llama_historical_879555_local_text_probe,llama,V0_always_reject_final_text_only,raw,shard_13,288,0.0,0.0,False
llama_historical_879555_local_text_probe,llama,V0_always_reject_final_text_only,raw,shard_14,40,0.0,0.0,False
llama_historical_879555_local_text_probe,llama,P0_prefix_template_public_predicate,protected,shard_00,192,0.026041666666666668,0.026041666666666668,False
llama_historical_879555_local_text_probe,llama,P0_prefix_template_public_predicate,protected,shard_01,192,0.026041666666666668,0.026041666666666668,False
llama_historical_879555_local_text_probe,llama,P0_prefix_template_public_predicate,protected,shard_02,176,0.0625,0.0625,False
llama_historical_879555_local_text_probe,llama,P0_prefix_template_public_predicate,protected,shard_03,144,0.034722222222222224,0.034722222222222224,False
llama_historical_879555_local_text_probe,llama,P0_prefix_template_public_predicate,protected,shard_04,240,0.029166666666666667,0.029166666666666667,False
llama_historical_879555_local_text_probe,llama,P0_prefix_template_public_predicate,protected,shard_05,208,0.03365384615384615,0.03365384615384615,False
llama_historical_879555_local_text_probe,llama,P0_prefix_template_public_predicate,protected,shard_06,208,0.052884615384615384,0.052884615384615384,False
llama_historical_879555_local_text_probe,llama,P0_prefix_template_public_predicate,protected,shard_07,176,0.056818181818181816,0.056818181818181816,False
llama_historical_879555_local_text_probe,llama,P0_prefix_template_public_predicate,protected,shard_08,272,0.014705882352941176,0.014705882352941176,False
llama_historical_879555_local_text_probe,llama,P0_prefix_template_public_predicate,protected,shard_09,256,0.01171875,0.01171875,False
llama_historical_879555_local_text_probe,llama,P0_prefix_template_public_predicate,protected,shard_10,176,0.011363636363636364,0.011363636363636364,False
llama_historical_879555_local_text_probe,llama,P0_prefix_template_public_predicate,protected,shard_11,160,0.0125,0.0125,False
llama_historical_879555_local_text_probe,llama,P0_prefix_template_public_predicate,protected,shard_12,272,0.014705882352941176,0.014705882352941176,False
llama_historical_879555_local_text_probe,llama,P0_prefix_template_public_predicate,protected,shard_13,288,0.003472222222222222,0.003472222222222222,False
llama_historical_879555_local_text_probe,llama,P0_prefix_template_public_predicate,protected,shard_14,40,0.05,0.05,False
llama_historical_879555_local_text_probe,llama,P0_prefix_template_public_predicate,raw,shard_00,192,0.026041666666666668,0.026041666666666668,False
llama_historical_879555_local_text_probe,llama,P0_prefix_template_public_predicate,raw,shard_01,192,0.026041666666666668,0.026041666666666668,False
llama_historical_879555_local_text_probe,llama,P0_prefix_template_public_predicate,raw,shard_02,176,0.005681818181818182,0.005681818181818182,False
llama_historical_879555_local_text_probe,llama,P0_prefix_template_public_predicate,raw,shard_03,144,0.0,0.0,False
llama_historical_879555_local_text_probe,llama,P0_prefix_template_public_predicate,raw,shard_04,240,0.020833333333333332,0.020833333333333332,False
llama_historical_879555_local_text_probe,llama,P0_prefix_template_public_predicate,raw,shard_05,208,0.014423076923076924,0.014423076923076924,False
llama_historical_879555_local_text_probe,llama,P0_prefix_template_public_predicate,raw,shard_06,208,0.02403846153846154,0.02403846153846154,False
llama_historical_879555_local_text_probe,llama,P0_prefix_template_public_predicate,raw,shard_07,176,0.022727272727272728,0.022727272727272728,False
llama_historical_879555_local_text_probe,llama,P0_prefix_template_public_predicate,raw,shard_08,272,0.011029411764705883,0.011029411764705883,False
llama_historical_879555_local_text_probe,llama,P0_prefix_template_public_predicate,raw,shard_09,256,0.015625,0.015625,False
llama_historical_879555_local_text_probe,llama,P0_prefix_template_public_predicate,raw,shard_10,176,0.011363636363636364,0.011363636363636364,False
llama_historical_879555_local_text_probe,llama,P0_prefix_template_public_predicate,raw,shard_11,160,0.00625,0.00625,False
llama_historical_879555_local_text_probe,llama,P0_prefix_template_public_predicate,raw,shard_12,272,0.007352941176470588,0.007352941176470588,False
llama_historical_879555_local_text_probe,llama,P0_prefix_template_public_predicate,raw,shard_13,288,0.006944444444444444,0.006944444444444444,False
llama_historical_879555_local_text_probe,llama,P0_prefix_template_public_predicate,raw,shard_14,40,0.0,0.0,False
llama_historical_879555_local_text_probe,llama,P2_learned_shallow_public_predicate,protected,shard_00,192,2.324015874595225,0.3645833333333333,False
llama_historical_879555_local_text_probe,llama,P2_learned_shallow_public_predicate,protected,shard_01,192,1.5638728873772105,0.3333333333333333,False
llama_historical_879555_local_text_probe,llama,P2_learned_shallow_public_predicate,protected,shard_02,176,3.9841928326910345,0.4431818181818182,False
llama_historical_879555_local_text_probe,llama,P2_learned_shallow_public_predicate,protected,shard_03,144,3.312965643825222,0.375,False
llama_historical_879555_local_text_probe,llama,P2_learned_shallow_public_predicate,protected,shard_04,240,1.3382690918333051,0.375,False
llama_historical_879555_local_text_probe,llama,P2_learned_shallow_public_predicate,protected,shard_05,208,1.8136867414235773,0.34134615384615385,False
llama_historical_879555_local_text_probe,llama,P2_learned_shallow_public_predicate,protected,shard_06,208,2.270361686614088,0.3605769230769231,False
llama_historical_879555_local_text_probe,llama,P2_learned_shallow_public_predicate,protected,shard_07,176,0.6894855155907826,0.29545454545454547,False
llama_historical_879555_local_text_probe,llama,P2_learned_shallow_public_predicate,protected,shard_08,272,1.237929128463295,0.34191176470588236,False
llama_historical_879555_local_text_probe,llama,P2_learned_shallow_public_predicate,protected,shard_09,256,3.028206467261004,0.421875,False
llama_historical_879555_local_text_probe,llama,P2_learned_shallow_public_predicate,protected,shard_10,176,4.14840991655874,0.4147727272727273,False
llama_historical_879555_local_text_probe,llama,P2_learned_shallow_public_predicate,protected,shard_11,160,4.317115146282346,0.46875,False
llama_historical_879555_local_text_probe,llama,P2_learned_shallow_public_predicate,protected,shard_12,272,2.6235409065164346,0.3860294117647059,False
llama_historical_879555_local_text_probe,llama,P2_learned_shallow_public_predicate,protected,shard_13,288,3.6377425157546517,0.4548611111111111,False
llama_historical_879555_local_text_probe,llama,P2_learned_shallow_public_predicate,protected,shard_14,40,3.1279277106929024,0.475,False
llama_historical_879555_local_text_probe,llama,P2_learned_shallow_public_predicate,raw,shard_00,192,-0.5855842963673301,0.24479166666666666,False
llama_historical_879555_local_text_probe,llama,P2_learned_shallow_public_predicate,raw,shard_01,192,-2.128292350683229,0.19791666666666666,False
llama_historical_879555_local_text_probe,llama,P2_learned_shallow_public_predicate,raw,shard_02,176,-0.49208344658657627,0.25,False
llama_historical_879555_local_text_probe,llama,P2_learned_shallow_public_predicate,raw,shard_03,144,-0.41014338227186453,0.2361111111111111,False
llama_historical_879555_local_text_probe,llama,P2_learned_shallow_public_predicate,raw,shard_04,240,-2.203191565412881,0.12916666666666668,False
llama_historical_879555_local_text_probe,llama,P2_learned_shallow_public_predicate,raw,shard_05,208,-2.06794142377158,0.19230769230769232,False
llama_historical_879555_local_text_probe,llama,P2_learned_shallow_public_predicate,raw,shard_06,208,-1.03415541919496,0.22115384615384615,False
llama_historical_879555_local_text_probe,llama,P2_learned_shallow_public_predicate,raw,shard_07,176,-2.453114964949274,0.13068181818181818,False
llama_historical_879555_local_text_probe,llama,P2_learned_shallow_public_predicate,raw,shard_08,272,0.32573816703504704,0.2647058823529412,False
llama_historical_879555_local_text_probe,llama,P2_learned_shallow_public_predicate,raw,shard_09,256,0.45500307147281127,0.24609375,False
llama_historical_879555_local_text_probe,llama,P2_learned_shallow_public_predicate,raw,shard_10,176,0.32203376694462155,0.26704545454545453,False
llama_historical_879555_local_text_probe,llama,P2_learned_shallow_public_predicate,raw,shard_11,160,0.983409980326452,0.26875,False
llama_historical_879555_local_text_probe,llama,P2_learned_shallow_public_predicate,raw,shard_12,272,0.29866342014550384,0.2757352941176471,False
llama_historical_879555_local_text_probe,llama,P2_learned_shallow_public_predicate,raw,shard_13,288,1.4939615054612796,0.3541666666666667,False
llama_historical_879555_local_text_probe,llama,P2_learned_shallow_public_predicate,raw,shard_14,40,-0.19784896638876867,0.25,False
llama_historical_879555_local_text_probe,llama,P4_char_ngram_public_predicate,protected,shard_00,192,8.675106029490978,0.11979166666666667,False
llama_historical_879555_local_text_probe,llama,P4_char_ngram_public_predicate,protected,shard_01,192,8.005576493641184,0.13020833333333334,False
llama_historical_879555_local_text_probe,llama,P4_char_ngram_public_predicate,protected,shard_02,176,17.60980476822367,0.26704545454545453,False
llama_historical_879555_local_text_probe,llama,P4_char_ngram_public_predicate,protected,shard_03,144,12.84418226274635,0.1736111111111111,False
llama_historical_879555_local_text_probe,llama,P4_char_ngram_public_predicate,protected,shard_04,240,6.049733535619113,0.10416666666666667,False
llama_historical_879555_local_text_probe,llama,P4_char_ngram_public_predicate,protected,shard_05,208,4.886858135969833,0.07692307692307693,False
llama_historical_879555_local_text_probe,llama,P4_char_ngram_public_predicate,protected,shard_06,208,9.026065941145225,0.10096153846153846,False
llama_historical_879555_local_text_probe,llama,P4_char_ngram_public_predicate,protected,shard_07,176,5.530666667335319,0.125,False
llama_historical_879555_local_text_probe,llama,P4_char_ngram_public_predicate,protected,shard_08,272,5.836370329856802,0.14705882352941177,False
llama_historical_879555_local_text_probe,llama,P4_char_ngram_public_predicate,protected,shard_09,256,16.278604999221457,0.2109375,False
llama_historical_879555_local_text_probe,llama,P4_char_ngram_public_predicate,protected,shard_10,176,18.784584922375863,0.19886363636363635,False
llama_historical_879555_local_text_probe,llama,P4_char_ngram_public_predicate,protected,shard_11,160,19.3738765106935,0.23125,False
llama_historical_879555_local_text_probe,llama,P4_char_ngram_public_predicate,protected,shard_12,272,17.604860431171595,0.23897058823529413,False
llama_historical_879555_local_text_probe,llama,P4_char_ngram_public_predicate,protected,shard_13,288,12.824573816819491,0.17708333333333334,False
llama_historical_879555_local_text_probe,llama,P4_char_ngram_public_predicate,protected,shard_14,40,5.128718851114147,0.1,False
llama_historical_879555_local_text_probe,llama,P4_char_ngram_public_predicate,raw,shard_00,192,-0.5919919552251612,0.041666666666666664,False
llama_historical_879555_local_text_probe,llama,P4_char_ngram_public_predicate,raw,shard_01,192,-5.526743849995996,0.046875,False
llama_historical_879555_local_text_probe,llama,P4_char_ngram_public_predicate,raw,shard_02,176,-2.5894051952768695,0.07386363636363637,False
llama_historical_879555_local_text_probe,llama,P4_char_ngram_public_predicate,raw,shard_03,144,0.636771413851394,0.0763888888888889,False
llama_historical_879555_local_text_probe,llama,P4_char_ngram_public_predicate,raw,shard_04,240,-7.305260045116726,0.016666666666666666,False
llama_historical_879555_local_text_probe,llama,P4_char_ngram_public_predicate,raw,shard_05,208,-6.760641817289027,0.03365384615384615,False
llama_historical_879555_local_text_probe,llama,P4_char_ngram_public_predicate,raw,shard_06,208,-4.486526342527574,0.028846153846153848,False
llama_historical_879555_local_text_probe,llama,P4_char_ngram_public_predicate,raw,shard_07,176,-7.939151314426559,0.017045454545454544,False
llama_historical_879555_local_text_probe,llama,P4_char_ngram_public_predicate,raw,shard_08,272,-2.027081419604458,0.05514705882352941,False
llama_historical_879555_local_text_probe,llama,P4_char_ngram_public_predicate,raw,shard_09,256,2.660710022897976,0.0703125,False
llama_historical_879555_local_text_probe,llama,P4_char_ngram_public_predicate,raw,shard_10,176,0.3030363636437295,0.08522727272727272,False
llama_historical_879555_local_text_probe,llama,P4_char_ngram_public_predicate,raw,shard_11,160,5.775467930203581,0.075,False
llama_historical_879555_local_text_probe,llama,P4_char_ngram_public_predicate,raw,shard_12,272,7.350641943541284,0.11029411764705882,False
llama_historical_879555_local_text_probe,llama,P4_char_ngram_public_predicate,raw,shard_13,288,2.8346116899562412,0.04861111111111111,False
llama_historical_879555_local_text_probe,llama,P4_char_ngram_public_predicate,raw,shard_14,40,-7.608330303093711,0.025,False
llama_historical_879555_local_text_probe,llama,P5_word_trigram_public_predicate,protected,shard_00,192,4.807349350821549,0.6041666666666666,True
llama_historical_879555_local_text_probe,llama,P5_word_trigram_public_predicate,protected,shard_01,192,3.616617860386518,0.5833333333333334,True
llama_historical_879555_local_text_probe,llama,P5_word_trigram_public_predicate,protected,shard_02,176,7.288651079723729,0.6193181818181818,True
llama_historical_879555_local_text_probe,llama,P5_word_trigram_public_predicate,protected,shard_03,144,6.409820282827084,0.6319444444444444,True
llama_historical_879555_local_text_probe,llama,P5_word_trigram_public_predicate,protected,shard_04,240,3.0799295816190098,0.6,True
llama_historical_879555_local_text_probe,llama,P5_word_trigram_public_predicate,protected,shard_05,208,4.0145474859630115,0.6009615384615384,True
llama_historical_879555_local_text_probe,llama,P5_word_trigram_public_predicate,protected,shard_06,208,5.118616010644086,0.6201923076923077,True
llama_historical_879555_local_text_probe,llama,P5_word_trigram_public_predicate,protected,shard_07,176,2.312198441547707,0.5852272727272727,True
llama_historical_879555_local_text_probe,llama,P5_word_trigram_public_predicate,protected,shard_08,272,2.0258869977396516,0.5514705882352942,True
llama_historical_879555_local_text_probe,llama,P5_word_trigram_public_predicate,protected,shard_09,256,5.84980168499357,0.65625,True
llama_historical_879555_local_text_probe,llama,P5_word_trigram_public_predicate,protected,shard_10,176,7.501709955313919,0.6590909090909091,True
llama_historical_879555_local_text_probe,llama,P5_word_trigram_public_predicate,protected,shard_11,160,8.696244441178461,0.69375,True
llama_historical_879555_local_text_probe,llama,P5_word_trigram_public_predicate,protected,shard_12,272,5.018867903594348,0.6470588235294118,True
llama_historical_879555_local_text_probe,llama,P5_word_trigram_public_predicate,protected,shard_13,288,6.65706559768056,0.6458333333333334,True
llama_historical_879555_local_text_probe,llama,P5_word_trigram_public_predicate,protected,shard_14,40,6.177318909301004,0.6,True
llama_historical_879555_local_text_probe,llama,P5_word_trigram_public_predicate,raw,shard_00,192,-2.0612481847652506,0.4322916666666667,False
llama_historical_879555_local_text_probe,llama,P5_word_trigram_public_predicate,raw,shard_01,192,-5.283280228796158,0.3958333333333333,False
llama_historical_879555_local_text_probe,llama,P5_word_trigram_public_predicate,raw,shard_02,176,-1.9585479166110416,0.45454545454545453,False
llama_historical_879555_local_text_probe,llama,P5_word_trigram_public_predicate,raw,shard_03,144,-2.0496497971618504,0.4513888888888889,False
llama_historical_879555_local_text_probe,llama,P5_word_trigram_public_predicate,raw,shard_04,240,-5.089766075866368,0.35833333333333334,False
llama_historical_879555_local_text_probe,llama,P5_word_trigram_public_predicate,raw,shard_05,208,-4.884483900538213,0.375,False
llama_historical_879555_local_text_probe,llama,P5_word_trigram_public_predicate,raw,shard_06,208,-2.743092959613169,0.4230769230769231,False
llama_historical_879555_local_text_probe,llama,P5_word_trigram_public_predicate,raw,shard_07,176,-6.002443872819462,0.36363636363636365,False
llama_historical_879555_local_text_probe,llama,P5_word_trigram_public_predicate,raw,shard_08,272,-0.30233413649961216,0.49264705882352944,False
llama_historical_879555_local_text_probe,llama,P5_word_trigram_public_predicate,raw,shard_09,256,-0.7016763496075448,0.4453125,False
llama_historical_879555_local_text_probe,llama,P5_word_trigram_public_predicate,raw,shard_10,176,-0.9075570417559125,0.4715909090909091,False
llama_historical_879555_local_text_probe,llama,P5_word_trigram_public_predicate,raw,shard_11,160,0.12617678383212733,0.44375,False
llama_historical_879555_local_text_probe,llama,P5_word_trigram_public_predicate,raw,shard_12,272,-1.0040353565649172,0.4485294117647059,False
llama_historical_879555_local_text_probe,llama,P5_word_trigram_public_predicate,raw,shard_13,288,1.8173854385468846,0.5416666666666666,True
llama_historical_879555_local_text_probe,llama,P5_word_trigram_public_predicate,raw,shard_14,40,-1.0078442642732988,0.425,False
llama_historical_879555_local_text_probe,llama,P6_hybrid_char_word_public_predicate,protected,shard_00,192,8.142349444934808,0.21875,False
llama_historical_879555_local_text_probe,llama,P6_hybrid_char_word_public_predicate,protected,shard_01,192,6.210103765551956,0.203125,False
llama_historical_879555_local_text_probe,llama,P6_hybrid_char_word_public_predicate,protected,shard_02,176,11.938269684222025,0.3125,False
llama_historical_879555_local_text_probe,llama,P6_hybrid_char_word_public_predicate,protected,shard_03,144,9.42937058607669,0.22916666666666666,False
llama_historical_879555_local_text_probe,llama,P6_hybrid_char_word_public_predicate,protected,shard_04,240,5.405081753609561,0.19166666666666668,False
llama_historical_879555_local_text_probe,llama,P6_hybrid_char_word_public_predicate,protected,shard_05,208,5.768606675063154,0.16826923076923078,False
llama_historical_879555_local_text_probe,llama,P6_hybrid_char_word_public_predicate,protected,shard_06,208,6.16964903558359,0.16826923076923078,False
llama_historical_879555_local_text_probe,llama,P6_hybrid_char_word_public_predicate,protected,shard_07,176,5.195093238409677,0.2159090909090909,False
llama_historical_879555_local_text_probe,llama,P6_hybrid_char_word_public_predicate,protected,shard_08,272,4.511952256306493,0.20955882352941177,False
llama_historical_879555_local_text_probe,llama,P6_hybrid_char_word_public_predicate,protected,shard_09,256,11.146947312729585,0.328125,False
llama_historical_879555_local_text_probe,llama,P6_hybrid_char_word_public_predicate,protected,shard_10,176,16.104769188650998,0.3352272727272727,False
llama_historical_879555_local_text_probe,llama,P6_hybrid_char_word_public_predicate,protected,shard_11,160,14.511247079977963,0.38125,False
llama_historical_879555_local_text_probe,llama,P6_hybrid_char_word_public_predicate,protected,shard_12,272,12.517328642339232,0.3382352941176471,False
llama_historical_879555_local_text_probe,llama,P6_hybrid_char_word_public_predicate,protected,shard_13,288,10.496142648866332,0.23958333333333334,False
llama_historical_879555_local_text_probe,llama,P6_hybrid_char_word_public_predicate,protected,shard_14,40,8.28793784422608,0.3,False
llama_historical_879555_local_text_probe,llama,P6_hybrid_char_word_public_predicate,raw,shard_00,192,-1.1022092340992646,0.0625,False
llama_historical_879555_local_text_probe,llama,P6_hybrid_char_word_public_predicate,raw,shard_01,192,-5.69975652437691,0.026041666666666668,False
llama_historical_879555_local_text_probe,llama,P6_hybrid_char_word_public_predicate,raw,shard_02,176,-2.7930247086937414,0.13068181818181818,False
llama_historical_879555_local_text_probe,llama,P6_hybrid_char_word_public_predicate,raw,shard_03,144,-1.8327372978891923,0.0763888888888889,False
llama_historical_879555_local_text_probe,llama,P6_hybrid_char_word_public_predicate,raw,shard_04,240,-6.918870819816307,0.04583333333333333,False
llama_historical_879555_local_text_probe,llama,P6_hybrid_char_word_public_predicate,raw,shard_05,208,-5.632705405342354,0.0625,False
llama_historical_879555_local_text_probe,llama,P6_hybrid_char_word_public_predicate,raw,shard_06,208,-4.846305178936518,0.03365384615384615,False
llama_historical_879555_local_text_probe,llama,P6_hybrid_char_word_public_predicate,raw,shard_07,176,-6.003173645155024,0.05113636363636364,False
llama_historical_879555_local_text_probe,llama,P6_hybrid_char_word_public_predicate,raw,shard_08,272,-2.70190180281085,0.07352941176470588,False
llama_historical_879555_local_text_probe,llama,P6_hybrid_char_word_public_predicate,raw,shard_09,256,0.5814590538787175,0.09765625,False
llama_historical_879555_local_text_probe,llama,P6_hybrid_char_word_public_predicate,raw,shard_10,176,-2.01662025376838,0.10227272727272728,False
llama_historical_879555_local_text_probe,llama,P6_hybrid_char_word_public_predicate,raw,shard_11,160,3.9034521970714686,0.15,False
llama_historical_879555_local_text_probe,llama,P6_hybrid_char_word_public_predicate,raw,shard_12,272,3.4952334111453167,0.1323529411764706,False
llama_historical_879555_local_text_probe,llama,P6_hybrid_char_word_public_predicate,raw,shard_13,288,1.4228552698138586,0.08333333333333333,False
llama_historical_879555_local_text_probe,llama,P6_hybrid_char_word_public_predicate,raw,shard_14,40,-3.346826324674782,0.025,False
