shard_index,shard_id,status,selected_shard_dir,partial_dirs
0,shard_00,complete,/Users/guanjie/Documents/tokenizer_alignment/results/natural_evidence_v2/status/r4_after_879458_repair_second_family_llama_locked_scale_generation_879555_raw/llama3_1_8b_instruct/shards/shard_00,
1,shard_01,complete,/Users/guanjie/Documents/tokenizer_alignment/results/natural_evidence_v2/status/r4_after_879458_repair_second_family_llama_locked_scale_generation_879555_raw/llama3_1_8b_instruct/shards/shard_01,
2,shard_02,complete,/Users/guanjie/Documents/tokenizer_alignment/results/natural_evidence_v2/status/r4_after_879458_repair_second_family_llama_locked_scale_generation_879555_raw/llama3_1_8b_instruct/shards/shard_02,
3,shard_03,complete,/Users/guanjie/Documents/tokenizer_alignment/results/natural_evidence_v2/status/r4_after_879458_repair_second_family_llama_locked_scale_generation_879555_raw/llama3_1_8b_instruct/shards/shard_03,
4,shard_04,complete,/Users/guanjie/Documents/tokenizer_alignment/results/natural_evidence_v2/status/r4_after_879458_repair_second_family_llama_locked_scale_generation_879555_raw/llama3_1_8b_instruct/shards/shard_04,
5,shard_05,complete,/Users/guanjie/Documents/tokenizer_alignment/results/natural_evidence_v2/status/r4_after_879458_repair_second_family_llama_locked_scale_generation_879555_raw/llama3_1_8b_instruct/shards/shard_05,
6,shard_06,complete,/Users/guanjie/Documents/tokenizer_alignment/results/natural_evidence_v2/status/r4_after_879458_repair_second_family_llama_locked_scale_generation_879555_raw/llama3_1_8b_instruct/shards/shard_06,
7,shard_07,complete,/Users/guanjie/Documents/tokenizer_alignment/results/natural_evidence_v2/status/r4_after_879458_repair_second_family_llama_locked_scale_generation_879555_raw/llama3_1_8b_instruct/shards/shard_07,
8,shard_08,complete,/Users/guanjie/Documents/tokenizer_alignment/results/natural_evidence_v2/status/r4_after_879458_repair_second_family_llama_locked_scale_generation_879555_raw/llama3_1_8b_instruct/shards/shard_08,
9,shard_09,complete,/Users/guanjie/Documents/tokenizer_alignment/results/natural_evidence_v2/status/r4_after_879458_repair_second_family_llama_locked_scale_generation_879555_raw/llama3_1_8b_instruct/shards/shard_09,
10,shard_10,complete,/Users/guanjie/Documents/tokenizer_alignment/results/natural_evidence_v2/status/r4_after_879458_repair_second_family_llama_locked_scale_generation_879555_raw/llama3_1_8b_instruct/shards/shard_10,
11,shard_11,complete,/Users/guanjie/Documents/tokenizer_alignment/results/natural_evidence_v2/status/r4_after_879458_repair_second_family_llama_locked_scale_generation_879555_raw/llama3_1_8b_instruct/shards/shard_11,
12,shard_12,complete,/Users/guanjie/Documents/tokenizer_alignment/results/natural_evidence_v2/status/r4_after_879458_repair_second_family_llama_locked_scale_generation_879555_raw/llama3_1_8b_instruct/shards/shard_12,
13,shard_13,complete,/Users/guanjie/Documents/tokenizer_alignment/results/natural_evidence_v2/status/r4_after_879458_repair_second_family_llama_locked_scale_generation_879555_raw/llama3_1_8b_instruct/shards/shard_13,
14,shard_14,complete,/Users/guanjie/Documents/tokenizer_alignment/results/natural_evidence_v2/status/r4_after_879458_repair_second_family_llama_locked_scale_generation_879555_raw/llama3_1_8b_instruct/shards/shard_14,
15,shard_15,complete,/Users/guanjie/Documents/tokenizer_alignment/results/natural_evidence_v2/status/r4_after_879458_repair_second_family_llama_locked_scale_generation_879555_raw/llama3_1_8b_instruct/shards/shard_15,
16,shard_16,complete,/Users/guanjie/Documents/tokenizer_alignment/results/natural_evidence_v2/status/r4_after_879458_repair_second_family_llama_locked_scale_generation_879555_raw/llama3_1_8b_instruct/shards/shard_16,
17,shard_17,complete,/Users/guanjie/Documents/tokenizer_alignment/results/natural_evidence_v2/status/r4_after_879458_repair_second_family_llama_locked_scale_generation_879555_raw/llama3_1_8b_instruct/shards/shard_17,
18,shard_18,complete,/Users/guanjie/Documents/tokenizer_alignment/results/natural_evidence_v2/status/r4_after_879458_repair_second_family_llama_locked_scale_generation_879555_raw/llama3_1_8b_instruct/shards/shard_18,
19,shard_19,complete,/Users/guanjie/Documents/tokenizer_alignment/results/natural_evidence_v2/status/r4_after_879458_repair_second_family_llama_locked_scale_generation_879555_raw/llama3_1_8b_instruct/shards/shard_19,
20,shard_20,complete,/Users/guanjie/Documents/tokenizer_alignment/results/natural_evidence_v2/status/r4_after_879458_repair_second_family_llama_locked_scale_generation_879555_raw/llama3_1_8b_instruct/shards/shard_20,
21,shard_21,complete,/Users/guanjie/Documents/tokenizer_alignment/results/natural_evidence_v2/status/r4_after_879458_repair_second_family_llama_locked_scale_generation_879555_raw/llama3_1_8b_instruct/shards/shard_21,
22,shard_22,complete,/Users/guanjie/Documents/tokenizer_alignment/results/natural_evidence_v2/status/r4_after_879458_repair_second_family_llama_locked_scale_generation_879555_raw/llama3_1_8b_instruct/shards/shard_22,
23,shard_23,complete,/Users/guanjie/Documents/tokenizer_alignment/results/natural_evidence_v2/status/r4_after_879458_repair_second_family_llama_locked_scale_generation_879555_raw/llama3_1_8b_instruct/shards/shard_23,
24,shard_24,complete,/Users/guanjie/Documents/tokenizer_alignment/results/natural_evidence_v2/status/r4_after_879458_repair_second_family_llama_locked_scale_generation_879555_raw/llama3_1_8b_instruct/shards/shard_24,
25,shard_25,complete,/Users/guanjie/Documents/tokenizer_alignment/results/natural_evidence_v2/status/r4_after_879458_repair_second_family_llama_locked_scale_generation_879555_raw/llama3_1_8b_instruct/shards/shard_25,
26,shard_26,complete,/Users/guanjie/Documents/tokenizer_alignment/results/natural_evidence_v2/status/r4_after_879458_repair_second_family_llama_locked_scale_generation_879555_raw/llama3_1_8b_instruct/shards/shard_26,
27,shard_27,complete,/Users/guanjie/Documents/tokenizer_alignment/results/natural_evidence_v2/status/r4_after_879458_repair_second_family_llama_locked_scale_generation_879555_raw/llama3_1_8b_instruct/shards/shard_27,
28,shard_28,complete,/Users/guanjie/Documents/tokenizer_alignment/results/natural_evidence_v2/status/r4_after_879458_repair_second_family_llama_locked_scale_generation_879555_raw/llama3_1_8b_instruct/shards/shard_28,
29,shard_29,complete,/Users/guanjie/Documents/tokenizer_alignment/results/natural_evidence_v2/status/r4_after_879458_repair_second_family_llama_locked_scale_generation_879555_raw/llama3_1_8b_instruct/shards/shard_29,
30,shard_30,complete,/Users/guanjie/Documents/tokenizer_alignment/results/natural_evidence_v2/status/r4_after_879458_repair_second_family_llama_locked_scale_generation_879555_raw/llama3_1_8b_instruct/shards/shard_30,
31,shard_31,complete,/Users/guanjie/Documents/tokenizer_alignment/results/natural_evidence_v2/status/r4_after_879458_repair_second_family_llama_locked_scale_generation_879555_raw/llama3_1_8b_instruct/shards/shard_31,
32,shard_32,complete,/Users/guanjie/Documents/tokenizer_alignment/results/natural_evidence_v2/status/r4_after_879458_repair_second_family_llama_locked_scale_generation_879555_raw/llama3_1_8b_instruct/shards/shard_32,
33,shard_33,complete,/Users/guanjie/Documents/tokenizer_alignment/results/natural_evidence_v2/status/r4_after_879458_repair_second_family_llama_locked_scale_generation_879555_raw/llama3_1_8b_instruct/shards/shard_33,
34,shard_34,complete,/Users/guanjie/Documents/tokenizer_alignment/results/natural_evidence_v2/status/r4_after_879458_repair_second_family_llama_locked_scale_generation_879555_raw/llama3_1_8b_instruct/shards/shard_34,
35,shard_35,complete,/Users/guanjie/Documents/tokenizer_alignment/results/natural_evidence_v2/status/r4_after_879458_repair_second_family_llama_locked_scale_generation_879555_raw/llama3_1_8b_instruct/shards/shard_35,
36,shard_36,complete,/Users/guanjie/Documents/tokenizer_alignment/results/natural_evidence_v2/status/r4_after_879458_repair_second_family_llama_locked_scale_generation_879555_raw/llama3_1_8b_instruct/shards/shard_36,
37,shard_37,complete,/Users/guanjie/Documents/tokenizer_alignment/results/natural_evidence_v2/status/r4_after_879458_repair_second_family_llama_locked_scale_generation_879555_raw/llama3_1_8b_instruct/shards/shard_37,
38,shard_38,complete,/Users/guanjie/Documents/tokenizer_alignment/results/natural_evidence_v2/status/r4_after_879458_repair_second_family_llama_locked_scale_generation_879555_raw/llama3_1_8b_instruct/shards/shard_38,
39,shard_39,complete,/Users/guanjie/Documents/tokenizer_alignment/results/natural_evidence_v2/status/r4_after_879458_repair_second_family_llama_locked_scale_generation_879555_raw/llama3_1_8b_instruct/shards/shard_39,
40,shard_40,complete,/Users/guanjie/Documents/tokenizer_alignment/results/natural_evidence_v2/status/r4_after_879458_repair_second_family_llama_locked_scale_generation_879555_raw/llama3_1_8b_instruct/shards/shard_40,
41,shard_41,complete,/Users/guanjie/Documents/tokenizer_alignment/results/natural_evidence_v2/status/r4_after_879458_repair_second_family_llama_locked_scale_generation_879555_raw/llama3_1_8b_instruct/shards/shard_41,
42,shard_42,complete,/Users/guanjie/Documents/tokenizer_alignment/results/natural_evidence_v2/status/r4_after_879458_repair_second_family_llama_locked_scale_generation_879555_raw/llama3_1_8b_instruct/shards/shard_42,
43,shard_43,complete,/Users/guanjie/Documents/tokenizer_alignment/results/natural_evidence_v2/status/r4_after_879458_repair_second_family_llama_locked_scale_generation_879555_raw/llama3_1_8b_instruct/shards/shard_43,
44,shard_44,complete,/Users/guanjie/Documents/tokenizer_alignment/results/natural_evidence_v2/status/r4_after_879458_repair_second_family_llama_locked_scale_generation_879555_raw/llama3_1_8b_instruct/shards/shard_44,
45,shard_45,complete,/Users/guanjie/Documents/tokenizer_alignment/results/natural_evidence_v2/status/r4_after_879458_repair_second_family_llama_locked_scale_generation_879555_raw/llama3_1_8b_instruct/shards/shard_45,
46,shard_46,complete,/Users/guanjie/Documents/tokenizer_alignment/results/natural_evidence_v2/status/r4_after_879458_repair_second_family_llama_locked_scale_generation_879555_raw/llama3_1_8b_instruct/shards/shard_46,
47,shard_47,complete,/Users/guanjie/Documents/tokenizer_alignment/results/natural_evidence_v2/status/r4_after_879458_repair_second_family_llama_locked_scale_generation_879555_raw/llama3_1_8b_instruct/shards/shard_47,
48,shard_48,complete,/Users/guanjie/Documents/tokenizer_alignment/results/natural_evidence_v2/status/r4_after_879458_repair_second_family_llama_locked_scale_generation_879555_raw/llama3_1_8b_instruct/shards/shard_48,
49,shard_49,complete,/Users/guanjie/Documents/tokenizer_alignment/results/natural_evidence_v2/status/r4_after_879458_repair_second_family_llama_locked_scale_generation_879555_raw/llama3_1_8b_instruct/shards/shard_49,
50,shard_50,complete,/Users/guanjie/Documents/tokenizer_alignment/results/natural_evidence_v2/status/r4_after_879458_repair_second_family_llama_locked_scale_generation_879555_raw/llama3_1_8b_instruct/shards/shard_50,
51,shard_51,complete,/Users/guanjie/Documents/tokenizer_alignment/results/natural_evidence_v2/status/r4_after_879458_repair_second_family_llama_locked_scale_generation_879555_raw/llama3_1_8b_instruct/shards/shard_51,
52,shard_52,complete,/Users/guanjie/Documents/tokenizer_alignment/results/natural_evidence_v2/status/r4_after_879458_repair_second_family_llama_locked_scale_generation_879555_raw/llama3_1_8b_instruct/shards/shard_52,
53,shard_53,complete,/Users/guanjie/Documents/tokenizer_alignment/results/natural_evidence_v2/status/r4_after_879458_repair_second_family_llama_locked_scale_generation_879555_raw/llama3_1_8b_instruct/shards/shard_53,
54,shard_54,complete,/Users/guanjie/Documents/tokenizer_alignment/results/natural_evidence_v2/status/r4_after_879458_repair_second_family_llama_locked_scale_generation_879555_raw/llama3_1_8b_instruct/shards/shard_54,
55,shard_55,complete,/Users/guanjie/Documents/tokenizer_alignment/results/natural_evidence_v2/status/r4_after_879458_repair_second_family_llama_locked_scale_generation_879555_raw/llama3_1_8b_instruct/shards/shard_55,
56,shard_56,complete,/Users/guanjie/Documents/tokenizer_alignment/results/natural_evidence_v2/status/r4_after_879458_repair_second_family_llama_locked_scale_generation_879555_raw/llama3_1_8b_instruct/shards/shard_56,
57,shard_57,complete,/Users/guanjie/Documents/tokenizer_alignment/results/natural_evidence_v2/status/r4_after_879458_repair_second_family_llama_locked_scale_generation_879555_raw/llama3_1_8b_instruct/shards/shard_57,
58,shard_58,complete,/Users/guanjie/Documents/tokenizer_alignment/results/natural_evidence_v2/status/r4_after_879458_repair_second_family_llama_locked_scale_generation_879555_raw/llama3_1_8b_instruct/shards/shard_58,
59,shard_59,complete,/Users/guanjie/Documents/tokenizer_alignment/results/natural_evidence_v2/status/r4_after_879458_repair_second_family_llama_locked_scale_generation_879555_raw/llama3_1_8b_instruct/shards/shard_59,
60,shard_60,complete,/Users/guanjie/Documents/tokenizer_alignment/results/natural_evidence_v2/status/r4_after_879458_repair_second_family_llama_locked_scale_generation_879555_raw/llama3_1_8b_instruct/shards/shard_60,
61,shard_61,complete,/Users/guanjie/Documents/tokenizer_alignment/results/natural_evidence_v2/status/r4_after_879458_repair_second_family_llama_locked_scale_generation_879555_raw/llama3_1_8b_instruct/shards/shard_61,
62,shard_62,complete,/Users/guanjie/Documents/tokenizer_alignment/results/natural_evidence_v2/status/r4_after_879458_repair_second_family_llama_locked_scale_generation_879555_raw/llama3_1_8b_instruct/shards/shard_62,
63,shard_63,complete,/Users/guanjie/Documents/tokenizer_alignment/results/natural_evidence_v2/status/r4_after_879458_repair_second_family_llama_locked_scale_generation_879555_raw/llama3_1_8b_instruct/shards/shard_63,
64,shard_64,complete,/Users/guanjie/Documents/tokenizer_alignment/results/natural_evidence_v2/status/r4_after_879458_repair_second_family_llama_locked_scale_generation_879555_raw/llama3_1_8b_instruct/shards/shard_64,
65,shard_65,complete,/Users/guanjie/Documents/tokenizer_alignment/results/natural_evidence_v2/status/r4_after_879458_repair_second_family_llama_locked_scale_generation_879555_raw/llama3_1_8b_instruct/shards/shard_65,
66,shard_66,complete,/Users/guanjie/Documents/tokenizer_alignment/results/natural_evidence_v2/status/r4_after_879458_repair_second_family_llama_locked_scale_generation_879555_raw/llama3_1_8b_instruct/shards/shard_66,
67,shard_67,complete,/Users/guanjie/Documents/tokenizer_alignment/results/natural_evidence_v2/status/r4_after_879458_repair_second_family_llama_locked_scale_generation_879555_raw/llama3_1_8b_instruct/shards/shard_67,
68,shard_68,complete,/Users/guanjie/Documents/tokenizer_alignment/results/natural_evidence_v2/status/r4_after_879458_repair_second_family_llama_locked_scale_generation_879555_raw/llama3_1_8b_instruct/shards/shard_68,
69,shard_69,complete,/Users/guanjie/Documents/tokenizer_alignment/results/natural_evidence_v2/status/r4_after_879458_repair_second_family_llama_locked_scale_generation_879555_raw/llama3_1_8b_instruct/shards/shard_69,
70,shard_70,complete,/Users/guanjie/Documents/tokenizer_alignment/results/natural_evidence_v2/status/r4_after_879458_repair_second_family_llama_locked_scale_generation_879555_raw/llama3_1_8b_instruct/shards/shard_70,
71,shard_71,complete,/Users/guanjie/Documents/tokenizer_alignment/results/natural_evidence_v2/status/r4_after_879458_repair_second_family_llama_locked_scale_generation_879555_raw/llama3_1_8b_instruct/shards/shard_71,
72,shard_72,complete,/Users/guanjie/Documents/tokenizer_alignment/results/natural_evidence_v2/status/r4_after_879458_repair_second_family_llama_locked_scale_generation_879555_raw/llama3_1_8b_instruct/shards/shard_72,
73,shard_73,complete,/Users/guanjie/Documents/tokenizer_alignment/results/natural_evidence_v2/status/r4_after_879458_repair_second_family_llama_locked_scale_generation_879555_raw/llama3_1_8b_instruct/shards/shard_73,
74,shard_74,complete,/Users/guanjie/Documents/tokenizer_alignment/results/natural_evidence_v2/status/r4_after_879458_repair_second_family_llama_locked_scale_generation_879555_raw/llama3_1_8b_instruct/shards/shard_74,
75,shard_75,complete,/Users/guanjie/Documents/tokenizer_alignment/results/natural_evidence_v2/status/r4_after_879458_repair_second_family_llama_locked_scale_generation_879555_raw/llama3_1_8b_instruct/shards/shard_75,
76,shard_76,complete,/Users/guanjie/Documents/tokenizer_alignment/results/natural_evidence_v2/status/r4_after_879458_repair_second_family_llama_locked_scale_generation_879555_raw/llama3_1_8b_instruct/shards/shard_76,
77,shard_77,complete,/Users/guanjie/Documents/tokenizer_alignment/results/natural_evidence_v2/status/r4_after_879458_repair_second_family_llama_locked_scale_generation_879555_raw/llama3_1_8b_instruct/shards/shard_77,
78,shard_78,complete,/Users/guanjie/Documents/tokenizer_alignment/results/natural_evidence_v2/status/r4_after_879458_repair_second_family_llama_locked_scale_generation_879555_raw/llama3_1_8b_instruct/shards/shard_78,
79,shard_79,complete,/Users/guanjie/Documents/tokenizer_alignment/results/natural_evidence_v2/status/r4_after_879458_repair_second_family_llama_locked_scale_generation_879555_raw/llama3_1_8b_instruct/shards/shard_79,
80,shard_80,complete,/Users/guanjie/Documents/tokenizer_alignment/results/natural_evidence_v2/status/r4_after_879458_repair_second_family_llama_locked_scale_generation_879555_raw/llama3_1_8b_instruct/shards/shard_80,
81,shard_81,complete,/Users/guanjie/Documents/tokenizer_alignment/results/natural_evidence_v2/status/r4_after_879458_repair_second_family_llama_locked_scale_generation_879555_raw/llama3_1_8b_instruct/shards/shard_81,
82,shard_82,complete,/Users/guanjie/Documents/tokenizer_alignment/results/natural_evidence_v2/status/r4_after_879458_repair_second_family_llama_locked_scale_generation_879555_raw/llama3_1_8b_instruct/shards/shard_82,
83,shard_83,complete,/Users/guanjie/Documents/tokenizer_alignment/results/natural_evidence_v2/status/r4_after_879458_repair_second_family_llama_locked_scale_generation_879555_raw/llama3_1_8b_instruct/shards/shard_83,
84,shard_84,complete,/Users/guanjie/Documents/tokenizer_alignment/results/natural_evidence_v2/status/r4_after_879458_repair_second_family_llama_locked_scale_generation_879555_raw/llama3_1_8b_instruct/shards/shard_84,
85,shard_85,complete,/Users/guanjie/Documents/tokenizer_alignment/results/natural_evidence_v2/status/r4_after_879458_repair_second_family_llama_locked_scale_generation_879555_raw/llama3_1_8b_instruct/shards/shard_85,
86,shard_86,complete,/Users/guanjie/Documents/tokenizer_alignment/results/natural_evidence_v2/status/r4_after_879458_repair_second_family_llama_locked_scale_generation_879555_raw/llama3_1_8b_instruct/shards/shard_86,
87,shard_87,complete,/Users/guanjie/Documents/tokenizer_alignment/results/natural_evidence_v2/status/r4_after_879458_repair_second_family_llama_locked_scale_generation_879555_raw/llama3_1_8b_instruct/shards/shard_87,
88,shard_88,complete,/Users/guanjie/Documents/tokenizer_alignment/results/natural_evidence_v2/status/r4_after_879458_repair_second_family_llama_locked_scale_generation_879555_raw/llama3_1_8b_instruct/shards/shard_88,
89,shard_89,complete,/Users/guanjie/Documents/tokenizer_alignment/results/natural_evidence_v2/status/r4_after_879458_repair_second_family_llama_locked_scale_generation_879555_raw/llama3_1_8b_instruct/shards/shard_89,
90,shard_90,complete,/Users/guanjie/Documents/tokenizer_alignment/results/natural_evidence_v2/status/r4_after_879458_repair_second_family_llama_locked_scale_generation_879555_raw/llama3_1_8b_instruct/shards/shard_90,
91,shard_91,complete,/Users/guanjie/Documents/tokenizer_alignment/results/natural_evidence_v2/status/r4_after_879458_repair_second_family_llama_locked_scale_generation_879555_raw/llama3_1_8b_instruct/shards/shard_91,
92,shard_92,complete,/Users/guanjie/Documents/tokenizer_alignment/results/natural_evidence_v2/status/r4_after_879458_repair_second_family_llama_locked_scale_generation_879555_raw/llama3_1_8b_instruct/shards/shard_92,
93,shard_93,complete,/Users/guanjie/Documents/tokenizer_alignment/results/natural_evidence_v2/status/r4_after_879458_repair_second_family_llama_locked_scale_generation_879555_raw/llama3_1_8b_instruct/shards/shard_93,
94,shard_94,complete,/Users/guanjie/Documents/tokenizer_alignment/results/natural_evidence_v2/status/r4_after_879458_repair_second_family_llama_locked_scale_generation_879555_raw/llama3_1_8b_instruct/shards/shard_94,
95,shard_95,complete,/Users/guanjie/Documents/tokenizer_alignment/results/natural_evidence_v2/status/r4_after_879458_repair_second_family_llama_locked_scale_generation_879555_raw/llama3_1_8b_instruct/shards/shard_95,
